--
-- Скрипт сгенерирован Devart dbForge Studio for MySQL, Версия 7.0.54.0
-- Домашняя страница продукта: http://www.devart.com/ru/dbforge/mysql/studio
-- Дата скрипта: 03.04.2016 5:06:15
-- Версия сервера: 5.5.23
-- Версия клиента: 4.1
--


-- 
-- Отключение внешних ключей
-- 
/*!40014 SET @OLD_FOREIGN_KEY_CHECKS=@@FOREIGN_KEY_CHECKS, FOREIGN_KEY_CHECKS=0 */;

-- 
-- Установить режим SQL (SQL mode)
-- 
/*!40101 SET @OLD_SQL_MODE=@@SQL_MODE, SQL_MODE='NO_AUTO_VALUE_ON_ZERO' */;

-- 
-- Установка кодировки, с использованием которой клиент будет посылать запросы на сервер
--
SET NAMES 'utf8';

-- 
-- Установка базы данных по умолчанию
--
USE test_perminova;

--
-- Описание для таблицы date
--
DROP TABLE IF EXISTS date;
CREATE TABLE date (
  numberDate INT(11) NOT NULL,
  dateName VARCHAR(255) DEFAULT NULL
)
ENGINE = INNODB
AVG_ROW_LENGTH = 5461
CHARACTER SET cp1251
COLLATE cp1251_general_ci;

--
-- Описание для таблицы time_of_day
--
DROP TABLE IF EXISTS time_of_day;
CREATE TABLE time_of_day (
  numberTime INT(11) NOT NULL,
  timeName VARCHAR(255) DEFAULT NULL,
  UNIQUE INDEX number_time (numberTime)
)
ENGINE = INNODB
AVG_ROW_LENGTH = 4096
CHARACTER SET cp1251
COLLATE cp1251_general_ci;

--
-- Описание для таблицы town
--
DROP TABLE IF EXISTS town;
CREATE TABLE town (
  numberTown INT(11) NOT NULL,
  townName VARCHAR(50) DEFAULT NULL,
  UNIQUE INDEX number (numberTown)
)
ENGINE = INNODB
AVG_ROW_LENGTH = 168
CHARACTER SET cp1251
COLLATE cp1251_general_ci;

--
-- Описание для таблицы weather
--
DROP TABLE IF EXISTS weather;
CREATE TABLE weather (
  numberWeather INT(11) DEFAULT NULL,
  idTown INT(11) DEFAULT NULL,
  idDate INT(11) DEFAULT NULL,
  idTime INT(11) DEFAULT NULL,
  characteristic VARCHAR(255) DEFAULT NULL,
  temperature VARCHAR(255) DEFAULT NULL,
  pressure VARCHAR(255) DEFAULT NULL,
  wet VARCHAR(255) DEFAULT NULL,
  feeling VARCHAR(255) DEFAULT NULL,
  wind VARCHAR(255) DEFAULT NULL
)
ENGINE = MYISAM
AVG_ROW_LENGTH = 53
CHARACTER SET cp1251
COLLATE cp1251_general_ci;

-- 
-- Вывод данных для таблицы date
--
INSERT INTO date VALUES
(1, 'ВС 3.04'),
(2, 'ПН 4.04'),
(3, 'ВТ 5.04');

-- 
-- Вывод данных для таблицы time_of_day
--
INSERT INTO time_of_day VALUES
(1, 'Ночь'),
(2, 'Утро'),
(3, 'День'),
(4, 'Вечер');

-- 
-- Вывод данных для таблицы town
--
INSERT INTO town VALUES
(1, 'Москва'),
(2, 'Санкт-Петербург'),
(3, 'Новосибирск'),
(4, 'Барнаул'),
(5, 'Белгород'),
(6, 'Брянск'),
(7, 'Волгоград'),
(8, 'Воронеж'),
(9, 'Екатеринбург'),
(10, 'Ижевск'),
(11, 'Барановичи'),
(12, 'Брест'),
(13, 'Бургас'),
(14, 'Варна'),
(15, 'Винница'),
(16, 'Аланья'),
(17, 'Алматы'),
(18, 'Анталья'),
(19, 'Астана'),
(20, 'Баку'),
(21, 'Иркутск'),
(22, 'Казань'),
(23, 'Калининград'),
(24, 'Кемерово'),
(25, 'Киров'),
(26, 'Краснодар'),
(27, 'Красноярск'),
(28, 'Курган'),
(29, 'Липецк'),
(30, 'Набережные Че&hellip;'),
(31, 'Нижний Новгород'),
(32, 'Новокузнецк'),
(33, 'Омск'),
(34, 'Оренбург'),
(35, 'Пенза'),
(36, 'Пермь'),
(37, 'Ростов-на-Дону'),
(38, 'Самара'),
(39, 'Саратов'),
(40, 'Сургут'),
(41, 'Тольятти'),
(42, 'Томск'),
(43, 'Тула'),
(44, 'Тюмень'),
(45, 'Ульяновск'),
(46, 'Уфа'),
(47, 'Чебоксары'),
(48, 'Челябинск'),
(49, 'Витебск'),
(50, 'Гомель'),
(51, 'Гродно'),
(52, 'Днепропетровск'),
(53, 'Донецк'),
(54, 'Запорожье'),
(55, 'Киев'),
(56, 'Кишинёв'),
(57, 'Кривой Рог'),
(58, 'Луганск'),
(59, 'Львов'),
(60, 'Минск'),
(61, 'Могилёв'),
(62, 'Николаев'),
(63, 'Новополоцк'),
(64, 'Одесса'),
(65, 'Полоцк'),
(66, 'Полтава'),
(67, 'Прага'),
(68, 'София'),
(69, 'Старобельск'),
(70, 'Тирасполь'),
(71, 'Харьков'),
(72, 'Херсон'),
(73, 'Черкассы'),
(74, 'Бишкек'),
(75, 'Вильнюс'),
(76, 'Висагинас'),
(77, 'Даугавпилс'),
(78, 'Ереван'),
(79, 'Караганда'),
(80, 'Каунас'),
(81, 'Кемер'),
(82, 'Клайпеда'),
(83, 'Кокшетау'),
(84, 'Костанай'),
(85, 'Нарва'),
(86, 'Павлодар'),
(87, 'Париж'),
(88, 'Петропавловск'),
(89, 'Рига'),
(90, 'Семей'),
(91, 'Таллин'),
(92, 'Тарту'),
(93, 'Ташкент'),
(94, 'Уральск'),
(95, 'Усть-Каменогорск'),
(96, 'Хургада'),
(97, 'Шарм-эль-Шейх');

-- 
-- Вывод данных для таблицы weather
--
INSERT INTO weather VALUES
(1, 1, 1, 1, 'Пасмурно, дымка', '+2', '742', '86', '+1', 'СЗ  3'),
(2, 1, 1, 2, 'Облачно, небольшой дождь', '+3', '742', '79', '-2', 'СЗ  11'),
(3, 1, 1, 3, 'Пасмурно', '+7', '743', '51', '+4', 'СЗ  11'),
(4, 1, 1, 4, 'Облачно', '+3', '744', '71', '0', 'СЗ  7'),
(5, 1, 2, 1, 'Ясно', '0', '743', '81', '-3', 'СЗ  6'),
(6, 1, 2, 2, 'Облачно', '+2', '743', '68', '-2', 'СЗ  9'),
(7, 1, 2, 3, 'Пасмурно', '+6', '743', '51', '+3', 'СЗ  7'),
(8, 1, 2, 4, 'Ясно', '+1', '745', '72', '-1', 'СЗ  4'),
(9, 1, 3, 1, 'Ясно', '-2', '746', '75', '-5', 'СЗ  4'),
(10, 1, 3, 2, 'Ясно', '+1', '747', '68', '-2', 'СЗ  5'),
(11, 1, 3, 3, 'Ясно', '+6', '747', '43', '+4', 'СЗ  6'),
(12, 1, 3, 4, 'Ясно', '-1', '748', '73', '-2', 'З  2'),
(13, 2, 4, 1, 'Ясно', '0', '763', '93', '0', 'З  1'),
(14, 2, 4, 2, 'Пасмурно', '0', '763', '85', '-1', 'З  2'),
(15, 2, 4, 3, 'Малооблачно', '+5', '762', '63', '+4', 'З  4'),
(16, 2, 4, 4, 'Ясно', '0', '761', '92', '-1', 'СЗ  2'),
(17, 2, 5, 1, 'Ясно', '-3', '761', '94', '-5', 'СЗ  3'),
(18, 2, 5, 2, 'Ясно', '+1', '762', '76', '0', 'С  3'),
(19, 2, 5, 3, 'Ясно', '+6', '763', '48', '+5', 'С  2'),
(20, 2, 5, 4, 'Ясно', '+1', '762', '75', '+1', 'СЗ  1'),
(21, 2, 6, 1, 'Ясно', '-3', '763', '89', '-4', 'З  2'),
(22, 2, 6, 2, 'Облачно', '+1', '763', '75', '+1', 'З  1'),
(23, 2, 6, 3, 'Ясно', '+7', '761', '45', '+7', 'СЗ  1'),
(24, 2, 6, 4, 'Пасмурно', '+4', '760', '68', '+3', 'ЮВ  3'),
(25, 3, 7, 1, 'Пасмурно, дымка', '+4', '750', '86', '+4', 'В  1'),
(26, 3, 7, 2, 'Пасмурно, небольшой дождь', '+3', '746', '89', '+3', 'Ю  2'),
(27, 3, 7, 3, 'Пасмурно, небольшой дождь', '+6', '746', '77', '+6', 'Ю  2'),
(28, 3, 7, 4, 'Пасмурно, небольшой дождь', '+3', '748', '91', '+2', 'ЮЗ  2'),
(29, 3, 8, 1, 'Пасмурно, небольшой дождь', '+1', '748', '97', '+1', 'ЮЗ  2'),
(30, 3, 8, 2, 'Пасмурно, небольшой дождь', '+3', '749', '89', '+3', 'З  1'),
(31, 3, 8, 3, 'Облачно, небольшой дождь', '+5', '749', '78', '+5', 'Ю  2'),
(32, 3, 8, 4, 'Облачно', '+3', '750', '71', '+3', 'З  1'),
(33, 3, 9, 1, 'Малооблачно', '-1', '750', '93', '-2', 'ЮЗ  2'),
(34, 3, 9, 2, 'Облачно', '+3', '751', '84', '+3', 'СЗ  1'),
(35, 3, 9, 3, 'Пасмурно', '+8', '751', '61', '+8', 'СЗ  1'),
(36, 3, 9, 4, 'Пасмурно', '+3', '752', '86', '+1', 'В  4'),
(37, 4, 10, 1, 'Пасмурно, небольшой дождь', '+5', '746', '97', '+5', 'ЮВ  1'),
(38, 4, 10, 2, 'Пасмурно, небольшой дождь', '+6', '746', '88', '+6', 'ЮЗ  2'),
(39, 4, 10, 3, 'Пасмурно, небольшой дождь', '+9', '746', '72', '+9', 'ЮЗ  2'),
(40, 4, 10, 4, 'Пасмурно, небольшой дождь', '+5', '747', '96', '+4', 'ЮЗ  3'),
(41, 4, 11, 1, 'Облачно', '+3', '748', '98', '+2', 'ЮЗ  2'),
(42, 4, 11, 2, 'Пасмурно, небольшой дождь', '+4', '749', '94', '+4', 'ЮЗ  2'),
(43, 4, 11, 3, 'Облачно, небольшой дождь', '+8', '749', '74', '+8', 'З  2'),
(44, 4, 11, 4, 'Малооблачно', '+3', '749', '88', '+3', 'Ю  1'),
(45, 4, 12, 1, 'Ясно', '+1', '749', '95', '+1', 'ЮЗ  1'),
(46, 4, 12, 2, 'Малооблачно', '+5', '750', '82', '+5', 'З  1'),
(47, 4, 12, 3, 'Малооблачно', '+11', '749', '50', '+11', 'СЗ  1'),
(48, 4, 12, 4, 'Малооблачно', '+4', '750', '82', '+3', 'В  3'),
(49, 5, 13, 1, 'Малооблачно', '+2', '740', '76', '-2', 'СЗ  8'),
(50, 5, 13, 2, 'Пасмурно', '+3', '749', '65', '0', 'СЗ  8'),
(51, 5, 13, 3, 'Пасмурно', '+8', '750', '44', '+5', 'СЗ  8'),
(52, 5, 13, 4, 'Ясно', '+4', '750', '56', '+3', 'З  3'),
(53, 5, 14, 1, 'Малооблачно', '+3', '750', '65', '+1', 'З  4'),
(54, 5, 14, 2, 'Облачно', '+6', '750', '60', '+4', 'СЗ  5'),
(55, 5, 14, 3, 'Облачно', '+12', '749', '36', '+11', 'СЗ  7'),
(56, 5, 14, 4, 'Малооблачно', '+6', '749', '63', '+5', 'З  2'),
(57, 5, 15, 1, 'Ясно', '+1', '749', '88', '0', 'С  2'),
(58, 5, 15, 2, 'Ясно', '+7', '749', '67', '+7', 'С  2'),
(59, 5, 15, 3, 'Ясно', '+12', '749', '37', '+12', 'СЗ  3'),
(60, 5, 15, 4, 'Ясно', '+3', '750', '72', '+2', 'С  3'),
(61, 6, 16, 1, 'Ясно', '+2', '742', '68', '0', 'СЗ  4'),
(62, 6, 16, 2, 'Ясно', '+3', '749', '63', '0', 'СЗ  6'),
(63, 6, 16, 3, 'Облачно', '+9', '749', '39', '+7', 'СЗ  7'),
(64, 6, 16, 4, 'Облачно', '+4', '748', '61', '+3', 'СЗ  3'),
(65, 6, 17, 1, 'Пасмурно', '+2', '748', '76', '0', 'СЗ  3'),
(66, 6, 17, 2, 'Малооблачно', '+4', '748', '70', '+3', 'З  3'),
(67, 6, 17, 3, 'Облачно, небольшой дождь', '+11', '746', '44', '+10', 'СЗ  6'),
(68, 6, 17, 4, 'Ясно', '+3', '747', '82', '+2', 'С  2'),
(69, 6, 18, 1, 'Ясно', '-2', '748', '81', '-3', 'С  3'),
(70, 6, 18, 2, 'Ясно', '+3', '749', '67', '+3', 'С  1'),
(71, 6, 18, 3, 'Ясно', '+10', '749', '39', '+10', 'СЗ  2'),
(72, 6, 18, 4, 'Ясно', '+6', '749', '57', '+6', 'С  1'),
(73, 7, 19, 1, 'Малооблачно', '+3', '743', '83', '-1', 'З  9'),
(74, 7, 19, 2, 'Пасмурно, небольшой дождь', '+5', '745', '67', '+1', 'З  9'),
(75, 7, 19, 3, 'Малооблачно, небольшой дождь', '+7', '746', '55', '+5', 'З  8'),
(76, 7, 19, 4, 'Облачно', '+4', '749', '66', '+2', 'З  5'),
(77, 7, 20, 1, 'Облачно', '+2', '749', '76', '-1', 'З  4'),
(78, 7, 20, 2, 'Ясно', '+6', '749', '59', '+5', 'З  5'),
(79, 7, 20, 3, 'Пасмурно, небольшой дождь', '+10', '748', '37', '+8', 'З  5'),
(80, 7, 20, 4, 'Пасмурно, небольшой дождь', '+4', '749', '79', '+3', 'З  3'),
(81, 7, 21, 1, 'Ясно', '+1', '748', '91', '-1', 'З  4'),
(82, 7, 21, 2, 'Облачно, небольшой дождь', '+6', '747', '72', '+5', 'СЗ  3'),
(83, 7, 21, 3, 'Облачно', '+9', '747', '45', '+7', 'СЗ  6'),
(84, 7, 21, 4, 'Ясно', '+2', '749', '75', '+2', 'СЗ  2'),
(85, 8, 22, 1, 'Пасмурно, дождь', '+2', '741', '90', '-3', 'СЗ  9'),
(86, 8, 22, 2, 'Пасмурно', '+3', '744', '75', '-1', 'СЗ  8'),
(87, 8, 22, 3, 'Облачно, небольшой дождь', '+7', '745', '59', '+4', 'СЗ  8'),
(88, 8, 22, 4, 'Ясно', '+4', '746', '60', '+2', 'З  5'),
(89, 8, 23, 1, 'Ясно', '+1', '746', '70', '-2', 'З  4'),
(90, 8, 23, 2, 'Ясно', '+4', '746', '69', '+2', 'СЗ  4'),
(91, 8, 23, 3, 'Облачно', '+9', '746', '45', '+7', 'СЗ  5'),
(92, 8, 23, 4, 'Пасмурно', '+4', '746', '78', '+3', 'З  4'),
(93, 8, 24, 1, 'Ясно', '+1', '746', '89', '-1', 'СЗ  3'),
(94, 8, 24, 2, 'Ясно', '+4', '747', '65', '+3', 'СЗ  3'),
(95, 8, 24, 3, 'Ясно', '+8', '748', '41', '+7', 'СЗ  5'),
(96, 8, 24, 4, 'Ясно', '+3', '749', '62', '+2', 'СЗ  3'),
(97, 9, 25, 1, 'Пасмурно', '+2', '731', '82', '+2', 'ЮВ  1'),
(98, 9, 25, 2, 'Пасмурно, небольшой дождь', '+1', '733', '90', '-1', 'ЮВ  3'),
(99, 9, 25, 3, 'Пасмурно, небольшой дождь', '+6', '734', '80', '+6', 'ЮВ  2'),
(100, 9, 25, 4, 'Малооблачно', '+3', '734', '94', '+2', 'ЮВ  3'),
(101, 9, 26, 1, 'Ясно', '+1', '736', '95', '0', 'ЮЗ  3'),
(102, 9, 26, 2, 'Малооблачно', '+1', '737', '94', '0', 'Ю  2'),
(103, 9, 26, 3, 'Облачно', '+7', '737', '59', '+7', 'Ю  3'),
(104, 9, 26, 4, 'Облачно', '+3', '737', '86', '+2', 'Ю  3'),
(105, 9, 27, 1, 'Пасмурно', '0', '738', '94', '-1', 'Ю  2'),
(106, 9, 27, 2, 'Пасмурно, небольшой дождь', '0', '737', '95', '0', 'СВ  1'),
(107, 9, 27, 3, 'Пасмурно, дождь', '+3', '735', '93', '+3', 'СВ  3'),
(108, 9, 27, 4, 'Облачно, небольшой дождь', '+4', '733', '97', '+3', 'В  4'),
(109, 10, 28, 1, 'Пасмурно, небольшой дождь', '+1', '734', '98', '-2', 'В  6'),
(110, 10, 28, 2, 'Пасмурно, небольшой дождь', '+4', '738', '93', '+2', 'ЮВ  4'),
(111, 10, 28, 3, 'Малооблачно, небольшой дождь', '+6', '740', '75', '+3', 'Ю  7'),
(112, 10, 28, 4, 'Облачно', '+3', '743', '78', '+1', 'Ю  5'),
(113, 10, 29, 1, 'Облачно, небольшой дождь', '+2', '743', '86', '-1', 'ЮВ  5'),
(114, 10, 29, 2, 'Пасмурно, небольшой снег', '+1', '743', '86', '-2', 'Ю  6'),
(115, 10, 29, 3, 'Пасмурно, дождь', '+3', '745', '80', '+1', 'Ю  6'),
(116, 10, 29, 4, 'Пасмурно, небольшой дождь', '+2', '746', '89', '0', 'Ю  3'),
(117, 10, 30, 1, 'Пасмурно', '+1', '748', '95', '-1', 'Ю  3'),
(118, 10, 30, 2, 'Пасмурно', '0', '749', '95', '-1', 'ЮВ  3'),
(119, 10, 30, 3, 'Пасмурно, небольшой дождь', '+3', '749', '84', '+2', 'В  2'),
(120, 10, 30, 4, 'Пасмурно', '+3', '748', '85', '+2', 'С  2'),
(121, 11, 31, 1, 'Ясно', '+1', '751', '72', '+1', 'З  1'),
(122, 11, 31, 2, 'Ясно', '+4', '750', '71', '+3', 'З  2'),
(123, 11, 31, 3, 'Облачно', '+11', '749', '41', '+11', 'ЮЗ  3'),
(124, 11, 31, 4, 'Облачно', '+5', '747', '68', '+5', 'Ю  2'),
(125, 11, 32, 1, 'Ясно', '+3', '746', '74', '+2', 'Ю  2'),
(126, 11, 32, 2, 'Ясно', '+5', '744', '70', '+4', 'Ю  2'),
(127, 11, 32, 3, 'Малооблачно', '+14', '743', '42', '+14', 'Ю  2'),
(128, 11, 32, 4, 'Ясно', '+7', '743', '71', '+7', 'В  2'),
(129, 11, 33, 1, 'Ясно', '+4', '743', '77', '+3', 'В  2'),
(130, 11, 33, 2, 'Ясно', '+7', '743', '68', '+6', 'В  4'),
(131, 11, 33, 3, 'Малооблачно', '+15', '743', '49', '+15', 'ЮВ  5'),
(132, 11, 33, 4, 'Ясно', '+10', '742', '71', '+9', 'ЮВ  4'),
(133, 12, 34, 1, 'Ясно, дымка', '+1', '756', '83', '+1', '  Ш'),
(134, 12, 34, 2, 'Малооблачно', '+3', '756', '71', '+3', 'Ю  2'),
(135, 12, 34, 3, 'Ясно', '+13', '754', '38', '+12', 'Ю  4'),
(136, 12, 34, 4, 'Ясно', '+6', '752', '66', '+5', 'ЮВ  3'),
(137, 12, 35, 1, 'Ясно', '+3', '750', '73', '+3', 'ЮВ  2'),
(138, 12, 35, 2, 'Пасмурно', '+5', '749', '72', '+5', 'ЮВ  2'),
(139, 12, 35, 3, 'Ясно', '+16', '747', '52', '+16', 'ЮВ  2'),
(140, 12, 35, 4, 'Ясно', '+10', '746', '84', '+10', 'В  2'),
(141, 12, 36, 1, 'Ясно', '+6', '746', '91', '+6', 'В  2'),
(142, 12, 36, 2, 'Ясно', '+9', '746', '81', '+8', 'В  3'),
(143, 12, 36, 3, 'Малооблачно', '+19', '746', '61', '+19', 'В  4'),
(144, 12, 36, 4, 'Малооблачно', '+14', '746', '83', '+14', 'В  3'),
(145, 13, 37, 1, 'Ясно', '+7', '768', '85', '+6', 'СВ  4'),
(146, 13, 37, 2, 'Малооблачно', '+10', '768', '74', '+9', 'В  3'),
(147, 13, 37, 3, 'Ясно', '+12', '767', '59', '+12', 'В  5'),
(148, 13, 37, 4, 'Ясно', '+9', '767', '80', '+8', 'В  3'),
(149, 13, 38, 1, 'Ясно', '+7', '765', '83', '+7', 'ЮВ  2'),
(150, 13, 38, 2, 'Ясно', '+9', '764', '66', '+9', 'Ю  1'),
(151, 13, 38, 3, 'Ясно', '+14', '763', '59', '+13', 'В  4'),
(152, 13, 38, 4, 'Ясно', '+9', '761', '79', '+9', 'В  2'),
(153, 13, 39, 1, 'Ясно', '+7', '761', '84', '+7', 'В  1'),
(154, 13, 39, 2, 'Ясно', '+9', '761', '81', '+9', 'З  1'),
(155, 13, 39, 3, 'Ясно', '+16', '760', '60', '+16', 'В  3'),
(156, 13, 39, 4, 'Ясно', '+10', '759', '80', '+10', 'СВ  2'),
(157, 14, 40, 1, 'Ясно', '+5', '767', '77', '+5', 'С  1'),
(158, 14, 40, 2, 'Ясно', '+10', '768', '72', '+10', '  Ш'),
(159, 14, 40, 3, 'Ясно', '+12', '767', '54', '+12', 'ЮВ  3'),
(160, 14, 40, 4, 'Ясно', '+8', '767', '89', '+8', 'Ю  2'),
(161, 14, 41, 1, 'Ясно', '+6', '765', '93', '+6', 'ЮЗ  2'),
(162, 14, 41, 2, 'Ясно', '+10', '764', '78', '+10', 'Ю  2'),
(163, 14, 41, 3, 'Ясно', '+12', '763', '59', '+12', 'ЮВ  4'),
(164, 14, 41, 4, 'Ясно', '+8', '761', '85', '+8', 'Ю  2'),
(165, 14, 42, 1, 'Ясно', '+6', '761', '90', '+6', 'Ю  2'),
(166, 14, 42, 2, 'Ясно', '+10', '760', '71', '+10', 'Ю  2'),
(167, 14, 42, 3, 'Ясно', '+14', '759', '57', '+14', 'ЮВ  3'),
(168, 14, 42, 4, 'Ясно', '+8', '759', '83', '+8', 'ЮВ  2'),
(169, 15, 43, 1, 'Ясно', '+1', '742', '64', '-1', 'З  3'),
(170, 15, 43, 2, 'Ясно', '+4', '746', '65', '+3', 'З  2'),
(171, 15, 43, 3, 'Ясно', '+11', '744', '36', '+11', 'СЗ  2'),
(172, 15, 43, 4, 'Ясно', '+5', '743', '65', '+5', 'ЮВ  2'),
(173, 15, 44, 1, 'Ясно', '+2', '742', '74', '+1', 'Ю  2'),
(174, 15, 44, 2, 'Ясно', '+6', '740', '58', '+6', 'ЮВ  2'),
(175, 15, 44, 3, 'Ясно', '+16', '738', '48', '+16', 'Ю  3'),
(176, 15, 44, 4, 'Малооблачно, небольшой дождь', '+9', '737', '79', '+9', 'Ю  2'),
(177, 15, 45, 1, 'Ясно', '+5', '737', '93', '+4', 'Ю  2'),
(178, 15, 45, 2, 'Малооблачно', '+8', '737', '86', '+8', 'ЮВ  1'),
(179, 15, 45, 3, 'Ясно', '+18', '736', '55', '+18', 'ЮВ  2'),
(180, 15, 45, 4, 'Облачно, небольшой дождь', '+13', '736', '74', '+13', 'ЮВ  3'),
(181, 16, 46, 1, 'Ясно', '+16', '762', '60', '+16', 'СВ  1'),
(182, 16, 46, 2, 'Ясно', '+20', '752', '64', '+20', 'СВ  1'),
(183, 16, 46, 3, 'Малооблачно', '+21', '752', '61', '+20', 'ЮЗ  1'),
(184, 16, 46, 4, 'Ясно', '+19', '752', '69', '+19', 'СВ  1'),
(185, 16, 47, 1, 'Ясно', '+16', '751', '54', '+16', 'СВ  3'),
(186, 16, 47, 2, 'Ясно', '+20', '752', '59', '+20', 'В  1'),
(187, 16, 47, 3, 'Ясно', '+21', '751', '60', '+20', 'ЮЗ  2'),
(188, 16, 47, 4, 'Ясно', '+18', '750', '77', '+18', 'СВ  1'),
(189, 16, 48, 1, 'Ясно', '+15', '749', '73', '+15', 'СВ  1'),
(190, 16, 48, 2, 'Ясно', '+20', '749', '59', '+20', '  Ш'),
(191, 16, 48, 3, 'Ясно', '+21', '749', '65', '+20', 'З  2'),
(192, 16, 48, 4, 'Ясно', '+18', '749', '74', '+18', 'СЗ  1'),
(193, 17, 49, 1, 'Пасмурно, дождь', '+6', '693', '97', '+6', '  Ш'),
(194, 17, 49, 2, 'Облачно', '+9', '698', '77', '+9', 'ЮВ  1'),
(195, 17, 49, 3, 'Облачно, небольшой дождь', '+12', '695', '67', '+12', 'С  1'),
(196, 17, 49, 4, 'Малооблачно, небольшой дождь', '+10', '695', '78', '+10', 'СВ  1'),
(197, 17, 50, 1, 'Облачно', '+8', '695', '83', '+8', '  Ш'),
(198, 17, 50, 2, 'Пасмурно, небольшой дождь', '+7', '697', '87', '+7', 'СЗ  2'),
(199, 17, 50, 3, 'Пасмурно, дождь', '+6', '701', '82', '+6', 'С  1'),
(200, 17, 50, 4, 'Ясно', '+3', '703', '81', '+3', 'ЮВ  2'),
(201, 17, 51, 1, 'Ясно', '+2', '701', '74', '+2', 'ЮВ  2'),
(202, 17, 51, 2, 'Ясно', '+5', '701', '70', '+4', 'ЮВ  3'),
(203, 17, 51, 3, 'Ясно', '+11', '698', '45', '+11', 'ЮВ  2'),
(204, 17, 51, 4, 'Ясно', '+4', '703', '47', '+3', 'ЮВ  3'),
(205, 18, 52, 1, 'Ясно', '+12', '758', '88', '+12', 'С  2'),
(206, 18, 52, 2, 'Ясно', '+19', '759', '60', '+19', 'С  2'),
(207, 18, 52, 3, 'Ясно', '+24', '757', '50', '+23', 'Ю  3'),
(208, 18, 52, 4, 'Ясно', '+19', '758', '71', '+19', 'С  2'),
(209, 18, 53, 1, 'Ясно', '+16', '757', '62', '+16', 'С  3'),
(210, 18, 53, 2, 'Ясно', '+19', '757', '60', '+19', 'С  2'),
(211, 18, 53, 3, 'Ясно', '+20', '757', '65', '+19', 'Ю  2'),
(212, 18, 53, 4, 'Ясно', '+18', '756', '80', '+18', 'СЗ  1'),
(213, 18, 54, 1, 'Ясно', '+14', '755', '84', '+14', 'С  1'),
(214, 18, 54, 2, 'Ясно', '+17', '755', '68', '+17', '  Ш'),
(215, 18, 54, 3, 'Ясно', '+20', '755', '64', '+19', 'Ю  2'),
(216, 18, 54, 4, 'Ясно', '+17', '755', '73', '+17', 'С  1'),
(217, 19, 55, 1, 'Пасмурно', '+1', '731', '91', '-1', 'ЮЗ  3'),
(218, 19, 55, 2, 'Облачно', '+2', '731', '87', '0', 'ЮЗ  4'),
(219, 19, 55, 3, 'Пасмурно, небольшой дождь', '+7', '731', '76', '+6', 'ЮЗ  4'),
(220, 19, 55, 4, 'Ясно', '+5', '731', '91', '+4', 'Ю  2'),
(221, 19, 56, 1, 'Ясно', '+1', '732', '95', '0', 'ЮЗ  2'),
(222, 19, 56, 2, 'Ясно', '+5', '732', '88', '+5', 'ЮВ  1'),
(223, 19, 56, 3, 'Ясно', '+14', '731', '49', '+14', 'Ю  1'),
(224, 19, 56, 4, 'Облачно', '+7', '731', '85', '+7', 'ЮЗ  2'),
(225, 19, 57, 1, 'Пасмурно, небольшой дождь', '+4', '731', '94', '+4', 'Ю  2'),
(226, 19, 57, 2, 'Малооблачно', '+7', '730', '87', '+6', 'ЮВ  3'),
(227, 19, 57, 3, 'Пасмурно, небольшой дождь', '+13', '728', '49', '+12', 'Ю  5'),
(228, 19, 57, 4, 'Облачно, небольшой дождь', '+9', '725', '67', '+7', 'ЮВ  5'),
(229, 20, 58, 1, 'Ясно', '+10', '755', '70', '+6', 'С  15'),
(230, 20, 58, 2, 'Ясно', '+9', '763', '60', '+6', 'С  14'),
(231, 20, 58, 3, 'Пасмурно', '+9', '764', '59', '+6', 'С  11'),
(232, 20, 58, 4, 'Пасмурно, дождь', '+7', '766', '77', '+7', 'СЗ  2'),
(233, 20, 59, 1, 'Ясно', '+6', '765', '83', '+5', 'ЮЗ  4'),
(234, 20, 59, 2, 'Пасмурно, небольшой дождь', '+10', '767', '62', '+9', 'С  5'),
(235, 20, 59, 3, 'Малооблачно, небольшой дождь', '+10', '766', '60', '+10', 'В  1'),
(236, 20, 59, 4, 'Малооблачно, небольшой дождь', '+8', '766', '80', '+7', 'Ю  4'),
(237, 20, 60, 1, 'Ясно', '+8', '764', '86', '+6', 'ЮЗ  4'),
(238, 20, 60, 2, 'Малооблачно', '+11', '764', '74', '+10', 'ЮЗ  5'),
(239, 20, 60, 3, 'Малооблачно', '+11', '762', '73', '+10', 'Ю  6'),
(240, 20, 60, 4, 'Пасмурно', '+9', '764', '85', '+9', 'С  3'),
(241, 21, 61, 1, 'Ясно', '0', '721', '66', '-1', 'ЮВ  2'),
(242, 21, 61, 2, 'Малооблачно', '-2', '721', '74', '-4', 'ЮВ  3'),
(243, 21, 61, 3, 'Ясно', '+12', '722', '32', '+12', 'СЗ  4'),
(244, 21, 61, 4, 'Ясно', '+7', '722', '51', '+7', 'СЗ  2'),
(245, 21, 62, 1, 'Ясно', '+3', '722', '60', '+3', 'З  1'),
(246, 21, 62, 2, 'Ясно', '+4', '722', '61', '+4', 'СЗ  1'),
(247, 21, 62, 3, 'Ясно', '+12', '722', '37', '+12', 'СЗ  3'),
(248, 21, 62, 4, 'Ясно', '+6', '722', '60', '+6', '  Ш'),
(249, 21, 63, 1, 'Ясно', '+3', '722', '63', '+3', 'З  1'),
(250, 21, 63, 2, 'Ясно', '+5', '722', '64', '+5', 'ЮЗ  2'),
(251, 21, 63, 3, 'Облачно, небольшой дождь', '+13', '718', '39', '+13', 'З  3'),
(252, 21, 63, 4, 'Пасмурно, небольшой дождь', '+6', '719', '86', '+5', 'СЗ  3'),
(253, 22, 64, 1, 'Пасмурно, небольшой дождь', '+3', '731', '84', '+3', 'ЮВ  2'),
(254, 22, 64, 2, 'Пасмурно, дождь', '+2', '734', '92', '-3', 'ЮВ  9'),
(255, 22, 64, 3, 'Пасмурно, небольшой дождь', '+2', '737', '88', '-1', 'Ю  6'),
(256, 22, 64, 4, 'Пасмурно, небольшой снег', '+1', '740', '93', '-2', 'Ю  6'),
(257, 22, 65, 1, 'Пасмурно, снег', '+1', '741', '96', '-2', 'Ю  5'),
(258, 22, 65, 2, 'Пасмурно, небольшой снег', '+1', '743', '92', '-2', 'ЮЗ  5'),
(259, 22, 65, 3, 'Пасмурно, небольшой дождь', '+3', '746', '86', '+1', 'ЮЗ  4'),
(260, 22, 65, 4, 'Облачно', '0', '747', '92', '-2', 'Ю  4'),
(261, 22, 66, 1, 'Пасмурно', '0', '748', '95', '-2', 'Ю  3'),
(262, 22, 66, 2, 'Пасмурно, небольшой снег', '+1', '749', '91', '0', 'Ю  3'),
(263, 22, 66, 3, 'Пасмурно', '+3', '750', '84', '+3', 'З  1'),
(264, 22, 66, 4, 'Пасмурно', '0', '750', '92', '-1', 'СЗ  2'),
(265, 23, 67, 1, 'Пасмурно', '+3', '766', '76', '+3', '  Ш'),
(266, 23, 67, 2, 'Ясно', '+5', '764', '64', '+4', 'Ю  3'),
(267, 23, 67, 3, 'Ясно', '+14', '762', '41', '+13', 'Ю  5'),
(268, 23, 67, 4, 'Ясно', '+9', '760', '64', '+9', 'ЮВ  2'),
(269, 23, 68, 1, 'Ясно', '+5', '759', '77', '+5', 'ЮВ  2'),
(270, 23, 68, 2, 'Пасмурно', '+6', '758', '77', '+6', 'ЮВ  2'),
(271, 23, 68, 3, 'Облачно', '+16', '757', '51', '+16', 'ЮВ  2'),
(272, 23, 68, 4, 'Ясно', '+12', '757', '71', '+12', 'В  3'),
(273, 23, 69, 1, 'Пасмурно', '+9', '757', '80', '+9', 'В  2'),
(274, 23, 69, 2, 'Малооблачно', '+10', '756', '81', '+9', 'ЮВ  4'),
(275, 23, 69, 3, 'Ясно', '+19', '755', '59', '+19', 'ЮВ  3'),
(276, 23, 69, 4, 'Ясно', '+14', '754', '82', '+14', 'ЮВ  3'),
(277, 24, 70, 1, 'Ясно', '+1', '749', '94', '+1', '  Ш'),
(278, 24, 70, 2, 'Пасмурно', '+6', '749', '91', '+6', 'ЮВ  1'),
(279, 24, 70, 3, 'Пасмурно, небольшой дождь', '+9', '749', '85', '+9', 'В  1'),
(280, 24, 70, 4, 'Облачно, небольшой дождь', '+5', '750', '95', '+5', 'З  1'),
(281, 24, 71, 1, 'Малооблачно', '+3', '750', '97', '+3', 'ЮЗ  2'),
(282, 24, 71, 2, 'Пасмурно, небольшой дождь', '+6', '751', '91', '+6', 'ЮЗ  1'),
(283, 24, 71, 3, 'Пасмурно, небольшой дождь', '+8', '752', '82', '+8', 'З  2'),
(284, 24, 71, 4, 'Пасмурно, небольшой дождь', '+5', '752', '94', '+5', 'ЮЗ  2'),
(285, 24, 72, 1, 'Пасмурно', '+3', '752', '96', '+2', 'З  2'),
(286, 24, 72, 2, 'Облачно', '+6', '752', '89', '+6', 'З  2'),
(287, 24, 72, 3, 'Пасмурно', '+8', '753', '71', '+7', 'СЗ  3'),
(288, 24, 72, 4, 'Облачно', '+4', '755', '90', '+3', 'СЗ  2'),
(289, 25, 73, 1, 'Пасмурно, небольшой снег', '+2', '734', '92', '0', 'СВ  4'),
(290, 25, 73, 2, 'Пасмурно, дождь', '+1', '731', '92', '-2', 'В  5'),
(291, 25, 73, 3, 'Облачно, небольшой дождь', '+4', '732', '70', '+2', 'ЮВ  4'),
(292, 25, 73, 4, 'Пасмурно, небольшой снег', '+1', '733', '90', '-1', 'ЮВ  4'),
(293, 25, 74, 1, 'Пасмурно, небольшой снег', '+1', '733', '92', '-2', 'ЮВ  5'),
(294, 25, 74, 2, 'Пасмурно, снег', '+1', '734', '84', '-1', 'ЮВ  5'),
(295, 25, 74, 3, 'Пасмурно, небольшой дождь', '+2', '736', '79', '0', 'ЮВ  4'),
(296, 25, 74, 4, 'Пасмурно, снег', '-1', '738', '96', '-2', 'ЮВ  3'),
(297, 25, 75, 1, 'Пасмурно, снег', '0', '739', '96', '-2', 'ЮВ  3'),
(298, 25, 75, 2, 'Пасмурно, снег', '+1', '740', '85', '-1', 'ЮВ  4'),
(299, 25, 75, 3, 'Пасмурно', '+3', '743', '70', '+2', 'ЮВ  3'),
(300, 25, 75, 4, 'Ясно', '-1', '743', '87', '-1', 'З  1'),
(301, 26, 76, 1, 'Малооблачно', '+5', '764', '70', '+4', 'З  2'),
(302, 26, 76, 2, 'Малооблачно', '+8', '765', '64', '+6', 'З  5'),
(303, 26, 76, 3, 'Облачно, небольшой дождь', '+10', '764', '42', '+9', 'З  7'),
(304, 26, 76, 4, 'Ясно', '+4', '765', '65', '+4', 'ЮЗ  2'),
(305, 26, 77, 1, 'Облачно', '+4', '765', '79', '+3', 'ЮЗ  3'),
(306, 26, 77, 2, 'Ясно', '+9', '765', '65', '+8', 'З  3'),
(307, 26, 77, 3, 'Пасмурно', '+12', '763', '40', '+12', 'З  4'),
(308, 26, 77, 4, 'Ясно', '+7', '763', '73', '+7', 'ЮЗ  3'),
(309, 26, 78, 1, 'Ясно', '+3', '762', '94', '+2', 'З  2'),
(310, 26, 78, 2, 'Ясно', '+9', '762', '71', '+9', 'З  2'),
(311, 26, 78, 3, 'Пасмурно', '+15', '761', '42', '+15', 'З  3'),
(312, 26, 78, 4, 'Ясно', '+7', '761', '84', '+6', 'С  3'),
(313, 27, 79, 1, 'Ясно', '-2', '738', '85', '-2', '  Ш'),
(314, 27, 79, 2, 'Ясно', '+8', '746', '61', '+8', 'З  2'),
(315, 27, 79, 3, 'Облачно, небольшой дождь', '+12', '746', '59', '+12', 'З  2'),
(316, 27, 79, 4, 'Малооблачно', '+4', '746', '89', '+4', 'З  2'),
(317, 27, 80, 1, 'Облачно', '+1', '746', '95', '+1', 'З  2'),
(318, 27, 80, 2, 'Малооблачно', '+8', '747', '72', '+8', 'З  2'),
(319, 27, 80, 3, 'Облачно', '+11', '746', '53', '+10', 'З  4'),
(320, 27, 80, 4, 'Ясно', '+4', '747', '85', '+2', 'ЮЗ  3'),
(321, 27, 81, 1, 'Малооблачно', '+4', '746', '89', '+2', 'З  4'),
(322, 27, 81, 2, 'Пасмурно, небольшой дождь', '+5', '746', '75', '+3', 'З  7'),
(323, 27, 81, 3, 'Пасмурно, небольшой дождь', '+6', '746', '65', '+4', 'З  7'),
(324, 27, 81, 4, 'Пасмурно, снег', '+2', '750', '90', '0', 'СЗ  3'),
(325, 28, 82, 1, 'Пасмурно', '+1', '752', '92', '+1', 'Ю  1'),
(326, 28, 82, 2, 'Пасмурно', '+1', '752', '90', '-1', 'Ю  3'),
(327, 28, 82, 3, 'Облачно, небольшой дождь', '+5', '753', '83', '+4', 'Ю  3'),
(328, 28, 82, 4, 'Ясно', '+3', '754', '90', '+1', 'Ю  3'),
(329, 28, 83, 1, 'Ясно', '+1', '755', '94', '-1', 'ЮЗ  3'),
(330, 28, 83, 2, 'Ясно', '+3', '755', '90', '+1', 'Ю  3'),
(331, 28, 83, 3, 'Малооблачно', '+8', '756', '72', '+8', 'Ю  3'),
(332, 28, 83, 4, 'Пасмурно, небольшой дождь', '+4', '756', '87', '+3', 'ЮВ  2'),
(333, 28, 84, 1, 'Пасмурно, небольшой дождь', '+3', '755', '92', '+2', 'ЮВ  3'),
(334, 28, 84, 2, 'Облачно, небольшой дождь', '+4', '754', '91', '+3', 'ЮВ  3'),
(335, 28, 84, 3, 'Малооблачно, небольшой дождь', '+10', '752', '73', '+8', 'В  4'),
(336, 28, 84, 4, 'Малооблачно', '+5', '749', '84', '+3', 'В  5'),
(337, 29, 85, 1, 'Облачно, ливень', '+2', '737', '90', '-3', 'СЗ  9'),
(338, 29, 85, 2, 'Пасмурно, небольшой дождь', '+3', '743', '77', '-1', 'СЗ  9'),
(339, 29, 85, 3, 'Облачно, небольшой дождь', '+7', '744', '59', '+4', 'СЗ  9'),
(340, 29, 85, 4, 'Облачно', '+4', '746', '61', '+2', 'СЗ  6'),
(341, 29, 86, 1, 'Ясно', '0', '746', '75', '-3', 'З  5'),
(342, 29, 86, 2, 'Ясно', '+4', '746', '63', '+1', 'З  6'),
(343, 29, 86, 3, 'Пасмурно', '+8', '746', '40', '+6', 'СЗ  7'),
(344, 29, 86, 4, 'Пасмурно', '+4', '746', '61', '+3', 'СЗ  2'),
(345, 29, 87, 1, 'Ясно', '-1', '747', '79', '-3', 'СЗ  3'),
(346, 29, 87, 2, 'Ясно', '+3', '748', '63', '+1', 'СЗ  4'),
(347, 29, 87, 3, 'Пасмурно', '+8', '748', '42', '+6', 'СЗ  6'),
(348, 29, 87, 4, 'Ясно', '0', '749', '76', '-1', 'СЗ  2'),
(349, 30, 88, 1, 'Облачно', '+5', '737', '89', '+3', 'ЮВ  3'),
(350, 30, 88, 2, 'Малооблачно', '+5', '737', '74', '+2', 'Ю  8'),
(351, 30, 88, 3, 'Пасмурно, небольшой дождь', '+5', '739', '69', '+2', 'Ю  8'),
(352, 30, 88, 4, 'Малооблачно', '+3', '740', '77', '0', 'Ю  6'),
(353, 30, 89, 1, 'Пасмурно, небольшой дождь', '+2', '741', '86', '-2', 'Ю  6'),
(354, 30, 89, 2, 'Пасмурно, небольшой дождь', '+3', '742', '86', '0', 'Ю  7'),
(355, 30, 89, 3, 'Пасмурно, дождь', '+5', '744', '75', '+3', 'Ю  5'),
(356, 30, 89, 4, 'Пасмурно, небольшой снег', '+1', '746', '92', '-1', 'Ю  3'),
(357, 30, 90, 1, 'Ясно', '-2', '746', '94', '-4', 'Ю  2'),
(358, 30, 90, 2, 'Пасмурно', '+2', '746', '89', '+2', 'СВ  1'),
(359, 30, 90, 3, 'Облачно, небольшой дождь', '+4', '746', '80', '+3', 'С  3'),
(360, 30, 90, 4, 'Пасмурно', '-1', '746', '93', '-3', 'СЗ  3'),
(361, 31, 91, 1, 'Облачно', '+1', '731', '86', '-1', 'С  4'),
(362, 31, 91, 2, 'Пасмурно, сильный снег', '+1', '737', '90', '-3', 'С  8'),
(363, 31, 91, 3, 'Пасмурно, дождь', '+2', '739', '92', '-2', 'СЗ  7'),
(364, 31, 91, 4, 'Пасмурно, снег', '+1', '740', '94', '-2', 'СЗ  6'),
(365, 31, 92, 1, 'Пасмурно, снег', '+1', '741', '95', '-2', 'З  5'),
(366, 31, 92, 2, 'Пасмурно, снег', '+1', '742', '90', '-2', 'З  6'),
(367, 31, 92, 3, 'Пасмурно, снег', '+1', '744', '94', '-1', 'З  4'),
(368, 31, 92, 4, 'Пасмурно, небольшой снег', '+1', '746', '94', '-2', 'З  4'),
(369, 31, 93, 1, 'Пасмурно, небольшой снег', '0', '747', '95', '-2', 'СЗ  4'),
(370, 31, 93, 2, 'Пасмурно, небольшой снег', '+1', '749', '87', '-2', 'СЗ  5'),
(371, 31, 93, 3, 'Пасмурно, небольшой дождь', '+2', '751', '82', '0', 'СЗ  4'),
(372, 31, 93, 4, 'Малооблачно, небольшой снег', '0', '752', '91', '-2', 'СЗ  3'),
(373, 32, 94, 1, 'Малооблачно, дождь', '+3', '736', '92', '+3', 'ЮВ  2'),
(374, 32, 94, 2, 'Пасмурно, дождь', '+7', '745', '92', '+7', 'ЮВ  2'),
(375, 32, 94, 3, 'Пасмурно, небольшой дождь', '+13', '745', '66', '+13', 'З  2'),
(376, 32, 94, 4, 'Пасмурно, небольшой дождь', '+6', '746', '91', '+6', 'З  2'),
(377, 32, 95, 1, 'Облачно, небольшой дождь', '+5', '747', '98', '+5', 'ЮЗ  2'),
(378, 32, 95, 2, 'Пасмурно, небольшой дождь', '+6', '748', '96', '+5', 'ЮЗ  3'),
(379, 32, 95, 3, 'Облачно, небольшой дождь', '+10', '747', '62', '+10', 'З  2'),
(380, 32, 95, 4, 'Малооблачно', '+3', '749', '92', '+3', 'ЮЗ  2'),
(381, 32, 96, 1, 'Малооблачно', '+2', '749', '94', '+2', 'ЮЗ  2'),
(382, 32, 96, 2, 'Облачно', '+8', '749', '74', '+8', 'ЮЗ  2'),
(383, 32, 96, 3, 'Пасмурно, небольшой дождь', '+11', '748', '54', '+11', 'З  3'),
(384, 32, 96, 4, 'Малооблачно', '+5', '749', '88', '+5', 'С  2'),
(385, 33, 97, 1, 'Пасмурно, ливень', '+1', '747', '92', '+1', 'ЮЗ  1'),
(386, 33, 97, 2, 'Пасмурно, небольшой дождь', '+2', '752', '96', '0', 'ЮЗ  4'),
(387, 33, 97, 3, 'Пасмурно', '+5', '754', '85', '+4', 'ЮЗ  2'),
(388, 33, 97, 4, 'Малооблачно', '+2', '755', '92', '+2', 'ЮЗ  2'),
(389, 33, 98, 1, 'Пасмурно, небольшой дождь', '0', '755', '95', '0', 'Ю  1'),
(390, 33, 98, 2, 'Пасмурно', '+3', '755', '94', '+3', 'Ю  2'),
(391, 33, 98, 3, 'Малооблачно', '+8', '756', '77', '+8', 'З  2'),
(392, 33, 98, 4, 'Ясно', '+3', '757', '93', '+2', 'СЗ  2'),
(393, 33, 99, 1, 'Облачно', '-2', '756', '98', '-3', 'В  2'),
(394, 33, 99, 2, 'Пасмурно', '0', '756', '98', '0', 'СВ  2'),
(395, 33, 99, 3, 'Ясно', '+10', '755', '75', '+10', 'В  2'),
(396, 33, 99, 4, 'Ясно', '+7', '753', '77', '+5', 'В  5'),
(397, 34, 100, 1, 'Пасмурно', '+5', '743', '84', '+4', 'Ю  4'),
(398, 34, 100, 2, 'Пасмурно, небольшой дождь', '+6', '743', '93', '+4', 'Ю  6'),
(399, 34, 100, 3, 'Пасмурно', '+9', '746', '55', '+7', 'ЮЗ  8'),
(400, 34, 100, 4, 'Пасмурно', '+5', '746', '75', '+3', 'Ю  4'),
(401, 34, 101, 1, 'Малооблачно', '+2', '748', '86', '-1', 'Ю  5'),
(402, 34, 101, 2, 'Ясно', '+1', '749', '82', '-1', 'Ю  4'),
(403, 34, 101, 3, 'Пасмурно, небольшой дождь', '+8', '749', '53', '+6', 'ЮЗ  6'),
(404, 34, 101, 4, 'Ясно', '+3', '749', '80', '+1', 'Ю  3'),
(405, 34, 102, 1, 'Малооблачно', '-1', '748', '88', '-2', 'Ю  2'),
(406, 34, 102, 2, 'Пасмурно', '-1', '747', '91', '-1', '  Ш'),
(407, 34, 102, 3, 'Пасмурно, небольшой дождь', '+8', '745', '64', '+7', 'СЗ  3'),
(408, 34, 102, 4, 'Ясно', '+1', '744', '92', '0', 'СЗ  2'),
(409, 35, 103, 1, 'Пасмурно, небольшой снег', '+1', '727', '93', '-3', 'СЗ  7'),
(410, 35, 103, 2, 'Пасмурно, небольшой дождь', '+2', '734', '88', '-1', 'З  6'),
(411, 35, 103, 3, 'Пасмурно, небольшой дождь', '+4', '737', '82', '+1', 'З  6'),
(412, 35, 103, 4, 'Пасмурно, небольшой дождь', '+2', '739', '91', '-1', 'З  5'),
(413, 35, 104, 1, 'Пасмурно, небольшой дождь', '+2', '740', '90', '-1', 'З  5'),
(414, 35, 104, 2, 'Пасмурно, небольшой дождь', '+2', '741', '83', '-1', 'З  6'),
(415, 35, 104, 3, 'Пасмурно, небольшой дождь', '+4', '743', '72', '+1', 'З  5'),
(416, 35, 104, 4, 'Пасмурно, небольшой снег', '+1', '743', '90', '0', 'З  3'),
(417, 35, 105, 1, 'Пасмурно', '0', '743', '93', '-1', 'З  2'),
(418, 35, 105, 2, 'Пасмурно, небольшой дождь', '+2', '744', '77', '+1', 'СЗ  3'),
(419, 35, 105, 3, 'Пасмурно, небольшой дождь', '+4', '745', '73', '+3', 'СЗ  4'),
(420, 35, 105, 4, 'Малооблачно, небольшой снег', '-1', '746', '92', '-2', 'СЗ  3'),
(421, 36, 106, 1, 'Пасмурно', '+1', '738', '82', '-1', 'В  3'),
(422, 36, 106, 2, 'Пасмурно', '+2', '738', '83', '-1', 'ЮВ  5'),
(423, 36, 106, 3, 'Пасмурно, небольшой дождь', '+7', '740', '78', '+5', 'ЮВ  4'),
(424, 36, 106, 4, 'Облачно', '+4', '740', '85', '+2', 'ЮВ  4'),
(425, 36, 107, 1, 'Ясно', '0', '742', '95', '-2', 'ЮВ  4'),
(426, 36, 107, 2, 'Ясно', '+1', '743', '91', '-2', 'ЮВ  4'),
(427, 36, 107, 3, 'Облачно, небольшой дождь', '+6', '743', '66', '+3', 'Ю  6'),
(428, 36, 107, 4, 'Облачно', '+2', '744', '81', '+1', 'ЮВ  3'),
(429, 36, 108, 1, 'Ясно', '-1', '746', '94', '-3', 'ЮВ  3'),
(430, 36, 108, 2, 'Ясно', '-2', '746', '93', '-3', 'ЮВ  3'),
(431, 36, 108, 3, 'Пасмурно', '+6', '745', '67', '+6', 'В  1'),
(432, 36, 108, 4, 'Пасмурно, небольшой дождь', '+2', '743', '86', '+2', 'С  2'),
(433, 37, 109, 1, 'Малооблачно', '+5', '755', '73', '+2', 'З  5'),
(434, 37, 109, 2, 'Ясно', '+6', '757', '60', '+4', 'З  6'),
(435, 37, 109, 3, 'Пасмурно', '+9', '756', '42', '+8', 'З  6'),
(436, 37, 109, 4, 'Пасмурно', '+6', '758', '54', '+5', 'З  3'),
(437, 37, 110, 1, 'Ясно', '+2', '758', '73', '+1', 'З  2'),
(438, 37, 110, 2, 'Малооблачно', '+7', '758', '58', '+6', 'З  3'),
(439, 37, 110, 3, 'Пасмурно, небольшой дождь', '+10', '756', '50', '+8', 'З  7'),
(440, 37, 110, 4, 'Малооблачно', '+6', '756', '80', '+5', 'З  4'),
(441, 37, 111, 1, 'Малооблачно', '+5', '755', '83', '+4', 'З  4'),
(442, 37, 111, 2, 'Малооблачно', '+9', '755', '67', '+8', 'З  4'),
(443, 37, 111, 3, 'Облачно, небольшой дождь', '+13', '755', '51', '+12', 'З  4'),
(444, 37, 111, 4, 'Малооблачно', '+7', '755', '76', '+7', 'З  3'),
(445, 38, 112, 1, 'Пасмурно', '+3', '732', '77', '+3', 'Ю  2'),
(446, 38, 112, 2, 'Пасмурно, небольшой дождь', '+2', '736', '83', '-1', 'Ю  8'),
(447, 38, 112, 3, 'Пасмурно, небольшой дождь', '+5', '740', '65', '+3', 'ЮЗ  6'),
(448, 38, 112, 4, 'Малооблачно, небольшой дождь', '+2', '741', '87', '0', 'Ю  4'),
(449, 38, 113, 1, 'Пасмурно, небольшой снег', '+1', '742', '93', '-2', 'Ю  4'),
(450, 38, 113, 2, 'Пасмурно, небольшой дождь', '+2', '744', '88', '0', 'ЮЗ  5'),
(451, 38, 113, 3, 'Облачно, небольшой дождь', '+5', '746', '73', '+4', 'ЮЗ  2'),
(452, 38, 113, 4, 'Ясно', '+1', '746', '86', '+1', 'ЮЗ  1'),
(453, 38, 114, 1, 'Ясно', '-2', '746', '94', '-3', 'З  2'),
(454, 38, 114, 2, 'Малооблачно', '+2', '746', '85', '+2', '  Ш'),
(455, 38, 114, 3, 'Малооблачно', '+5', '746', '62', '+4', 'СЗ  2'),
(456, 38, 114, 4, 'Ясно', '-1', '746', '88', '-2', 'СЗ  2'),
(457, 39, 115, 1, 'Пасмурно, небольшие осадки', '+2', '731', '84', '-2', 'З  10'),
(458, 39, 115, 2, 'Облачно', '+4', '742', '69', '+1', 'З  8'),
(459, 39, 115, 3, 'Пасмурно, небольшой дождь', '+6', '744', '65', '+3', 'З  7'),
(460, 39, 115, 4, 'Пасмурно, небольшой дождь', '+3', '746', '87', '0', 'З  6'),
(461, 39, 116, 1, 'Облачно', '+2', '747', '83', '0', 'З  5'),
(462, 39, 116, 2, 'Пасмурно', '+4', '749', '69', '+2', 'З  5'),
(463, 39, 116, 3, 'Облачно', '+7', '749', '50', '+5', 'З  4'),
(464, 39, 116, 4, 'Облачно', '+2', '749', '74', '+1', 'З  2'),
(465, 39, 117, 1, 'Пасмурно, небольшой снег', '+1', '749', '84', '-1', 'З  3'),
(466, 39, 117, 2, 'Малооблачно, небольшой дождь', '+4', '749', '76', '+3', 'СЗ  2'),
(467, 39, 117, 3, 'Пасмурно, небольшой дождь', '+6', '749', '54', '+4', 'СЗ  4'),
(468, 39, 117, 4, 'Ясно', '+1', '750', '82', '-1', 'СЗ  4'),
(469, 40, 118, 1, 'Ясно', '-3', '754', '80', '-5', 'В  3'),
(470, 40, 118, 2, 'Ясно', '+2', '754', '88', '0', 'ЮВ  2'),
(471, 40, 118, 3, 'Ясно', '+6', '755', '80', '+6', 'Ю  1'),
(472, 40, 118, 4, 'Ясно', '+2', '756', '87', '+1', 'Ю  3'),
(473, 40, 119, 1, 'Малооблачно', '+1', '756', '91', '-1', 'ЮЗ  4'),
(474, 40, 119, 2, 'Пасмурно', '+3', '757', '89', '+2', 'ЮЗ  4'),
(475, 40, 119, 3, 'Малооблачно', '+7', '758', '80', '+6', 'ЮЗ  3'),
(476, 40, 119, 4, 'Малооблачно', '+4', '758', '86', '+4', 'З  2'),
(477, 40, 120, 1, 'Малооблачно', '+1', '760', '96', '+1', 'С  1'),
(478, 40, 120, 2, 'Пасмурно', '+1', '761', '97', '-2', 'В  5'),
(479, 40, 120, 3, 'Облачно', '+3', '763', '87', '+1', 'В  5'),
(480, 40, 120, 4, 'Ясно', '+1', '763', '92', '-2', 'В  5'),
(481, 41, 121, 1, 'Пасмурно', '+3', '735', '80', '0', 'Ю  6'),
(482, 41, 121, 2, 'Пасмурно, небольшой дождь', '+2', '740', '86', '-1', 'ЮЗ  8'),
(483, 41, 121, 3, 'Облачно, небольшой дождь', '+5', '744', '71', '+3', 'ЮЗ  6'),
(484, 41, 121, 4, 'Малооблачно', '+2', '746', '87', '-1', 'ЮЗ  5'),
(485, 41, 122, 1, 'Пасмурно, снег', '+1', '747', '95', '-2', 'ЮЗ  5'),
(486, 41, 122, 2, 'Пасмурно, небольшой дождь', '+3', '749', '87', '0', 'ЮЗ  5'),
(487, 41, 122, 3, 'Облачно', '+5', '750', '70', '+4', 'ЮЗ  3'),
(488, 41, 122, 4, 'Пасмурно, небольшой снег', '+1', '752', '88', '0', 'ЮЗ  2'),
(489, 41, 123, 1, 'Малооблачно', '-1', '752', '93', '-2', 'Ю  2'),
(490, 41, 123, 2, 'Облачно, небольшой дождь', '+2', '752', '87', '+2', 'З  1'),
(491, 41, 123, 3, 'Пасмурно, небольшой дождь', '+4', '751', '81', '+4', 'СЗ  2'),
(492, 41, 123, 4, 'Малооблачно', '-1', '752', '91', '-2', 'СЗ  2'),
(493, 42, 124, 1, 'Ясно', '+1', '749', '89', '+1', '  Ш'),
(494, 42, 124, 2, 'Малооблачно', '+7', '750', '86', '+7', 'Ю  1'),
(495, 42, 124, 3, 'Облачно, небольшой дождь', '+9', '750', '78', '+9', 'Ю  1'),
(496, 42, 124, 4, 'Малооблачно', '+3', '751', '93', '+3', 'Ю  2'),
(497, 42, 125, 1, 'Пасмурно', '+2', '751', '96', '+1', 'Ю  2'),
(498, 42, 125, 2, 'Облачно, небольшой дождь', '+5', '752', '90', '+5', 'ЮЗ  1'),
(499, 42, 125, 3, 'Облачно', '+9', '752', '75', '+9', 'ЮЗ  3'),
(500, 42, 125, 4, 'Облачно, небольшой дождь', '+4', '753', '91', '+4', 'ЮЗ  2'),
(501, 42, 126, 1, 'Облачно', '+2', '753', '94', '+1', 'ЮЗ  2'),
(502, 42, 126, 2, 'Пасмурно, небольшой дождь', '+5', '754', '86', '+4', 'З  2'),
(503, 42, 126, 3, 'Пасмурно', '+8', '754', '67', '+8', 'З  2'),
(504, 42, 126, 4, 'Малооблачно', '+3', '756', '89', '+3', 'В  1'),
(505, 43, 127, 1, 'Пасмурно, ливень', '+1', '737', '82', '-2', 'СЗ  6'),
(506, 43, 127, 2, 'Пасмурно, небольшой дождь', '+3', '743', '73', '-1', 'СЗ  11'),
(507, 43, 127, 3, 'Облачно, небольшой дождь', '+8', '743', '54', '+5', 'СЗ  9'),
(508, 43, 127, 4, 'Ясно', '+3', '744', '65', '0', 'СЗ  5'),
(509, 43, 128, 1, 'Пасмурно', '0', '744', '76', '-3', 'З  5'),
(510, 43, 128, 2, 'Ясно', '+3', '744', '75', '+1', 'СЗ  6'),
(511, 43, 128, 3, 'Пасмурно', '+8', '743', '42', '+5', 'СЗ  8'),
(512, 43, 128, 4, 'Ясно', '+1', '745', '67', '0', 'СЗ  3'),
(513, 43, 129, 1, 'Ясно', '-1', '746', '78', '-3', 'СЗ  3'),
(514, 43, 129, 2, 'Ясно', '+2', '747', '62', '0', 'СЗ  4'),
(515, 43, 129, 3, 'Ясно', '+7', '747', '42', '+6', 'СЗ  5'),
(516, 43, 129, 4, 'Ясно', '-1', '748', '79', '-2', 'СЗ  2'),
(517, 44, 130, 1, 'Туман', '0', '749', '94', '-1', 'ЮЗ  2'),
(518, 44, 130, 2, 'Малооблачно', '+3', '751', '96', '+3', 'Ю  1'),
(519, 44, 130, 3, 'Пасмурно', '+8', '752', '80', '+8', 'Ю  2'),
(520, 44, 130, 4, 'Малооблачно', '+4', '752', '94', '+3', 'Ю  3'),
(521, 44, 131, 1, 'Ясно', '+3', '753', '95', '+2', 'Ю  3'),
(522, 44, 131, 2, 'Ясно', '+4', '754', '92', '+4', 'Ю  2'),
(523, 44, 131, 3, 'Малооблачно', '+11', '755', '76', '+10', 'Ю  3'),
(524, 44, 131, 4, 'Малооблачно', '+6', '755', '90', '+5', 'Ю  3'),
(525, 44, 132, 1, 'Пасмурно, небольшой дождь', '+5', '755', '93', '+4', 'ЮВ  2'),
(526, 44, 132, 2, 'Пасмурно, небольшой дождь', '+6', '755', '92', '+5', 'ЮВ  2'),
(527, 44, 132, 3, 'Пасмурно, небольшой дождь', '+11', '754', '78', '+10', 'ЮВ  3'),
(528, 44, 132, 4, 'Малооблачно', '+6', '752', '88', '+5', 'В  5'),
(529, 45, 133, 1, 'Пасмурно, ливень', '+2', '728', '85', '0', 'ЮВ  4'),
(530, 45, 133, 2, 'Пасмурно, небольшой дождь', '+2', '728', '85', '-1', 'ЮЗ  6'),
(531, 45, 133, 3, 'Пасмурно, небольшой дождь', '+3', '734', '76', '0', 'ЮЗ  7'),
(532, 45, 133, 4, 'Пасмурно, небольшой снег', '+1', '736', '92', '-2', 'ЮЗ  5'),
(533, 45, 134, 1, 'Пасмурно, небольшой снег', '0', '737', '93', '-3', 'ЮЗ  5'),
(534, 45, 134, 2, 'Пасмурно, небольшой дождь', '+2', '739', '87', '-1', 'ЮЗ  6'),
(535, 45, 134, 3, 'Пасмурно, небольшой дождь', '+4', '741', '73', '+1', 'З  6'),
(536, 45, 134, 4, 'Пасмурно, небольшой снег', '0', '743', '91', '-2', 'ЮЗ  3'),
(537, 45, 135, 1, 'Малооблачно', '-2', '743', '93', '-3', 'ЮЗ  2'),
(538, 45, 135, 2, 'Облачно, небольшой дождь', '+2', '743', '82', '+2', 'З  1'),
(539, 45, 135, 3, 'Облачно, небольшой дождь', '+3', '743', '75', '+3', 'С  1'),
(540, 45, 135, 4, 'Малооблачно', '-1', '744', '92', '-3', 'СЗ  3'),
(541, 46, 136, 1, 'Пасмурно, дождь', '+5', '742', '93', '+5', 'Ю  2'),
(542, 46, 136, 2, 'Пасмурно, небольшой дождь', '+5', '740', '86', '+3', 'Ю  6'),
(543, 46, 136, 3, 'Пасмурно, небольшой дождь', '+7', '742', '82', '+4', 'Ю  6'),
(544, 46, 136, 4, 'Ясно', '+4', '744', '79', '+2', 'Ю  6'),
(545, 46, 137, 1, 'Ясно', '+2', '745', '91', '-1', 'Ю  5'),
(546, 46, 137, 2, 'Малооблачно', '+2', '746', '87', '-1', 'Ю  5'),
(547, 46, 137, 3, 'Пасмурно, небольшой дождь', '+7', '746', '59', '+5', 'Ю  6'),
(548, 46, 137, 4, 'Ясно', '+3', '747', '76', '+1', 'Ю  4'),
(549, 46, 138, 1, 'Ясно', '-1', '747', '92', '-2', 'ЮВ  2'),
(550, 46, 138, 2, 'Пасмурно', '0', '746', '90', '0', 'ЮВ  1'),
(551, 46, 138, 3, 'Пасмурно', '+8', '745', '58', '+8', 'СВ  2'),
(552, 46, 138, 4, 'Пасмурно, дождь', '+3', '743', '88', '+1', 'С  4'),
(553, 47, 139, 1, 'Пасмурно, небольшой снег', '+1', '726', '94', '-2', 'В  6'),
(554, 47, 139, 2, 'Пасмурно, снег', '+1', '732', '93', '-1', 'В  3'),
(555, 47, 139, 3, 'Пасмурно, небольшой дождь', '+2', '734', '89', '0', 'З  3'),
(556, 47, 139, 4, 'Пасмурно, небольшой снег', '+1', '737', '96', '-2', 'З  4'),
(557, 47, 140, 1, 'Пасмурно, небольшой снег', '0', '738', '96', '-2', 'З  4'),
(558, 47, 140, 2, 'Пасмурно, небольшой снег', '+1', '740', '90', '-1', 'ЮЗ  5'),
(559, 47, 140, 3, 'Пасмурно, небольшой дождь', '+3', '743', '84', '+1', 'ЮЗ  4'),
(560, 47, 140, 4, 'Пасмурно, небольшой снег', '+1', '744', '95', '-1', 'ЮЗ  4'),
(561, 47, 141, 1, 'Пасмурно, снег', '0', '745', '97', '-1', 'ЮЗ  3'),
(562, 47, 141, 2, 'Пасмурно, небольшой снег', '+1', '746', '93', '0', 'З  2'),
(563, 47, 141, 3, 'Облачно', '+2', '748', '82', '+2', 'З  2'),
(564, 47, 141, 4, 'Облачно', '-1', '749', '92', '-2', 'СЗ  2'),
(565, 48, 142, 1, 'Пасмурно', '0', '737', '92', '0', 'Ю  1'),
(566, 48, 142, 2, 'Пасмурно, небольшой дождь', '+2', '736', '95', '0', 'Ю  4'),
(567, 48, 142, 3, 'Пасмурно, небольшой дождь', '+7', '737', '79', '+6', 'Ю  4'),
(568, 48, 142, 4, 'Пасмурно', '+5', '737', '84', '+4', 'Ю  4'),
(569, 48, 143, 1, 'Ясно', '+2', '739', '94', '0', 'Ю  4'),
(570, 48, 143, 2, 'Малооблачно', '+2', '739', '90', '+1', 'Ю  3'),
(571, 48, 143, 3, 'Пасмурно', '+9', '740', '62', '+8', 'Ю  5'),
(572, 48, 143, 4, 'Пасмурно, небольшой дождь', '+4', '740', '90', '+4', 'Ю  2'),
(573, 48, 144, 1, 'Пасмурно, небольшой дождь', '+1', '740', '98', '+1', 'Ю  1'),
(574, 48, 144, 2, 'Пасмурно, дождь', '+2', '737', '99', '+1', 'СВ  3'),
(575, 48, 144, 3, 'Пасмурно, небольшой дождь', '+7', '735', '87', '+5', 'В  4'),
(576, 48, 144, 4, 'Пасмурно, дождь', '+6', '733', '92', '+4', 'В  4'),
(577, 49, 145, 1, 'Ясно', '+1', '749', '64', '+1', 'С  1'),
(578, 49, 145, 2, 'Облачно', '+3', '753', '63', '+1', 'СЗ  4'),
(579, 49, 145, 3, 'Малооблачно', '+9', '752', '41', '+7', 'СЗ  5'),
(580, 49, 145, 4, 'Облачно', '+4', '751', '69', '+4', 'З  2'),
(581, 49, 146, 1, 'Пасмурно', '+3', '750', '74', '+2', 'З  3'),
(582, 49, 146, 2, 'Облачно', '+5', '749', '77', '+4', 'З  2'),
(583, 49, 146, 3, 'Малооблачно', '+12', '749', '49', '+12', 'СЗ  3'),
(584, 49, 146, 4, 'Ясно', '+4', '749', '69', '+4', 'СВ  2'),
(585, 49, 147, 1, 'Ясно', '0', '751', '77', '-1', 'В  2'),
(586, 49, 147, 2, 'Ясно', '+4', '751', '68', '+4', 'В  1'),
(587, 49, 147, 3, 'Ясно', '+11', '750', '39', '+11', 'Ю  1'),
(588, 49, 147, 4, 'Малооблачно', '+5', '749', '65', '+5', 'Ю  2'),
(589, 50, 148, 1, 'Ясно', '+3', '755', '61', '+1', 'З  4'),
(590, 50, 148, 2, 'Ясно', '+3', '754', '62', '+1', 'СЗ  4'),
(591, 50, 148, 3, 'Ясно', '+11', '753', '34', '+9', 'СЗ  6'),
(592, 50, 148, 4, 'Ясно', '+5', '752', '57', '+4', 'З  4'),
(593, 50, 149, 1, 'Ясно', '+2', '752', '69', '+1', 'З  3'),
(594, 50, 149, 2, 'Малооблачно', '+6', '751', '66', '+6', 'З  2'),
(595, 50, 149, 3, 'Ясно', '+13', '749', '43', '+13', 'З  4'),
(596, 50, 149, 4, 'Ясно', '+8', '748', '66', '+8', 'СЗ  2'),
(597, 50, 150, 1, 'Ясно', '+2', '749', '88', '+1', 'В  3'),
(598, 50, 150, 2, 'Ясно', '+6', '749', '72', '+5', 'В  3'),
(599, 50, 150, 3, 'Ясно', '+13', '749', '45', '+13', 'ЮВ  2'),
(600, 50, 150, 4, 'Ясно', '+6', '749', '66', '+5', 'В  3'),
(601, 51, 151, 1, 'Ясно', '+1', '755', '81', '+1', '  Ш'),
(602, 51, 151, 2, 'Пасмурно, небольшой дождь', '+5', '757', '67', '+3', 'Ю  3'),
(603, 51, 151, 3, 'Ясно', '+12', '755', '38', '+12', 'Ю  4'),
(604, 51, 151, 4, 'Ясно', '+6', '753', '67', '+5', 'Ю  3'),
(605, 51, 152, 1, 'Ясно', '+4', '752', '73', '+2', 'Ю  3'),
(606, 51, 152, 2, 'Ясно', '+5', '751', '73', '+5', 'Ю  2'),
(607, 51, 152, 3, 'Ясно', '+15', '749', '49', '+15', 'ЮВ  2'),
(608, 51, 152, 4, 'Ясно', '+9', '749', '77', '+9', 'В  2'),
(609, 51, 153, 1, 'Ясно', '+5', '749', '86', '+5', 'ЮВ  2'),
(610, 51, 153, 2, 'Пасмурно', '+8', '749', '71', '+7', 'ЮВ  3'),
(611, 51, 153, 3, 'Пасмурно', '+16', '749', '55', '+16', 'ЮВ  4'),
(612, 51, 153, 4, 'Ясно', '+12', '747', '76', '+11', 'ЮВ  3'),
(613, 52, 154, 1, 'Малооблачно', '+1', '752', '81', '-2', 'З  5'),
(614, 52, 154, 2, 'Ясно', '+6', '761', '60', '+3', 'СЗ  6'),
(615, 52, 154, 3, 'Облачно', '+10', '760', '36', '+9', 'СЗ  7'),
(616, 52, 154, 4, 'Ясно', '+5', '761', '63', '+4', 'З  3'),
(617, 52, 155, 1, 'Ясно', '+3', '761', '74', '+2', 'З  3'),
(618, 52, 155, 2, 'Пасмурно', '+8', '760', '57', '+7', 'З  4'),
(619, 52, 155, 3, 'Малооблачно', '+13', '758', '35', '+13', 'З  4'),
(620, 52, 155, 4, 'Ясно', '+7', '758', '68', '+7', 'Ю  2'),
(621, 52, 156, 1, 'Ясно', '+5', '757', '70', '+4', 'З  3'),
(622, 52, 156, 2, 'Ясно', '+7', '757', '68', '+7', 'З  3'),
(623, 52, 156, 3, 'Облачно, небольшой дождь', '+15', '756', '54', '+15', 'СЗ  3'),
(624, 52, 156, 4, 'Ясно', '+10', '757', '79', '+10', 'Ю  1'),
(625, 53, 157, 1, 'Пасмурно', '+3', '739', '88', '+1', 'С  3'),
(626, 53, 157, 2, 'Ясно', '+4', '744', '64', '+2', 'СЗ  6'),
(627, 53, 157, 3, 'Пасмурно', '+8', '744', '43', '+6', 'СЗ  6'),
(628, 53, 157, 4, 'Ясно', '+4', '745', '54', '+3', 'СЗ  3'),
(629, 53, 158, 1, 'Малооблачно', '+1', '746', '67', '-1', 'З  3'),
(630, 53, 158, 2, 'Облачно', '+6', '745', '60', '+5', 'З  4'),
(631, 53, 158, 3, 'Пасмурно, небольшой дождь', '+11', '743', '38', '+10', 'СЗ  5'),
(632, 53, 158, 4, 'Ясно', '+5', '743', '63', '+4', 'З  3'),
(633, 53, 159, 1, 'Малооблачно', '+3', '743', '70', '+2', 'З  3'),
(634, 53, 159, 2, 'Малооблачно', '+7', '743', '65', '+7', 'З  3'),
(635, 53, 159, 3, 'Облачно, небольшой дождь', '+13', '743', '47', '+13', 'СЗ  4'),
(636, 53, 159, 4, 'Ясно', '+5', '743', '81', '+4', 'С  3'),
(637, 54, 160, 1, 'Ясно', '+2', '755', '75', '0', 'З  5'),
(638, 54, 160, 2, 'Ясно', '+6', '759', '60', '+4', 'СЗ  6'),
(639, 54, 160, 3, 'Облачно', '+11', '758', '32', '+10', 'СЗ  7'),
(640, 54, 160, 4, 'Ясно', '+5', '758', '59', '+4', 'СЗ  3'),
(641, 54, 161, 1, 'Ясно', '+2', '758', '70', '+1', 'З  2'),
(642, 54, 161, 2, 'Малооблачно', '+8', '758', '56', '+8', 'З  3'),
(643, 54, 161, 3, 'Облачно', '+13', '756', '34', '+13', 'З  3'),
(644, 54, 161, 4, 'Ясно', '+7', '755', '67', '+7', 'ЮЗ  2'),
(645, 54, 162, 1, 'Ясно', '+4', '755', '68', '+3', 'З  3'),
(646, 54, 162, 2, 'Ясно', '+7', '755', '74', '+7', 'З  2'),
(647, 54, 162, 3, 'Ясно', '+14', '755', '50', '+14', 'ЮЗ  3'),
(648, 54, 162, 4, 'Малооблачно', '+8', '755', '78', '+8', 'ЮЗ  2'),
(649, 55, 163, 1, 'Ясно', '+3', '752', '60', '+2', 'З  2'),
(650, 55, 163, 2, 'Ясно', '+4', '753', '65', '+2', 'СЗ  4'),
(651, 55, 163, 3, 'Пасмурно', '+11', '752', '39', '+9', 'СЗ  6'),
(652, 55, 163, 4, 'Ясно', '+4', '752', '75', '+4', 'З  2'),
(653, 55, 164, 1, 'Облачно', '+3', '751', '76', '+3', 'З  2'),
(654, 55, 164, 2, 'Ясно', '+7', '749', '66', '+7', 'ЮЗ  2'),
(655, 55, 164, 3, 'Ясно', '+14', '747', '40', '+14', 'ЮЗ  3'),
(656, 55, 164, 4, 'Малооблачно', '+7', '746', '70', '+7', 'В  2'),
(657, 55, 165, 1, 'Ясно', '+3', '746', '85', '+2', 'ЮВ  3'),
(658, 55, 165, 2, 'Ясно', '+8', '746', '69', '+8', 'В  2'),
(659, 55, 165, 3, 'Ясно', '+16', '746', '48', '+16', 'ЮВ  3'),
(660, 55, 165, 4, 'Ясно', '+9', '746', '74', '+9', 'В  2'),
(661, 56, 166, 1, 'Ясно', '+5', '755', '44', '+5', '  Ш'),
(662, 56, 166, 2, 'Ясно', '+7', '765', '55', '+7', 'СЗ  2'),
(663, 56, 166, 3, 'Ясно', '+13', '763', '32', '+13', 'СЗ  1'),
(664, 56, 166, 4, 'Ясно', '+7', '762', '61', '+6', 'ЮВ  3'),
(665, 56, 167, 1, 'Ясно', '+5', '761', '66', '+4', 'Ю  2'),
(666, 56, 167, 2, 'Ясно', '+8', '759', '61', '+8', 'Ю  3'),
(667, 56, 167, 3, 'Ясно', '+17', '757', '45', '+17', 'Ю  4'),
(668, 56, 167, 4, 'Ясно', '+12', '755', '68', '+12', 'Ю  3'),
(669, 56, 168, 1, 'Ясно', '+7', '755', '79', '+7', 'ЮВ  2'),
(670, 56, 168, 2, 'Ясно', '+10', '755', '78', '+10', 'Ю  2'),
(671, 56, 168, 3, 'Ясно', '+20', '754', '57', '+20', 'ЮВ  2'),
(672, 56, 168, 4, 'Малооблачно', '+15', '754', '80', '+15', 'ЮВ  3'),
(673, 57, 169, 1, 'Малооблачно', '+3', '755', '72', '+1', 'З  4'),
(674, 57, 169, 2, 'Ясно', '+6', '759', '60', '+4', 'СЗ  5'),
(675, 57, 169, 3, 'Ясно', '+11', '758', '37', '+10', 'СЗ  5'),
(676, 57, 169, 4, 'Ясно', '+5', '758', '66', '+4', 'СВ  3'),
(677, 57, 170, 1, 'Ясно', '+2', '758', '79', '+1', 'ЮЗ  2'),
(678, 57, 170, 2, 'Ясно', '+7', '757', '67', '+7', 'ЮЗ  1'),
(679, 57, 170, 3, 'Пасмурно', '+14', '755', '38', '+14', 'З  3'),
(680, 57, 170, 4, 'Ясно', '+8', '755', '61', '+7', 'ЮЗ  4'),
(681, 57, 171, 1, 'Ясно', '+3', '754', '87', '+3', 'ЮЗ  2'),
(682, 57, 171, 2, 'Ясно', '+7', '754', '79', '+7', 'ЮЗ  3'),
(683, 57, 171, 3, 'Ясно', '+15', '753', '54', '+15', 'ЮЗ  2'),
(684, 57, 171, 4, 'Ясно', '+10', '753', '74', '+10', 'ЮЗ  2'),
(685, 58, 172, 1, 'Облачно', '+5', '755', '78', '+2', 'З  5'),
(686, 58, 172, 2, 'Ясно', '+5', '754', '61', '+2', 'СЗ  8'),
(687, 58, 172, 3, 'Пасмурно', '+9', '754', '42', '+6', 'СЗ  8'),
(688, 58, 172, 4, 'Ясно', '+5', '755', '55', '+4', 'СЗ  3'),
(689, 58, 173, 1, 'Облачно', '+3', '755', '61', '+2', 'З  4'),
(690, 58, 173, 2, 'Пасмурно', '+7', '755', '55', '+5', 'З  5'),
(691, 58, 173, 3, 'Пасмурно, небольшой дождь', '+11', '753', '38', '+10', 'СЗ  6'),
(692, 58, 173, 4, 'Облачно', '+6', '754', '63', '+5', 'З  3'),
(693, 58, 174, 1, 'Ясно', '+4', '753', '70', '+3', 'З  2'),
(694, 58, 174, 2, 'Малооблачно', '+7', '753', '64', '+7', 'СЗ  2'),
(695, 58, 174, 3, 'Малооблачно, небольшой дождь', '+13', '753', '40', '+12', 'СЗ  5'),
(696, 58, 174, 4, 'Ясно', '+5', '754', '69', '+5', 'С  2'),
(697, 59, 175, 1, 'Ясно', '0', '740', '78', '0', '  Ш'),
(698, 59, 175, 2, 'Ясно', '+5', '743', '62', '+4', 'ЮВ  3'),
(699, 59, 175, 3, 'Ясно', '+13', '740', '38', '+12', 'ЮВ  4'),
(700, 59, 175, 4, 'Ясно', '+8', '739', '57', '+7', 'ЮВ  3'),
(701, 59, 176, 1, 'Ясно', '+5', '737', '69', '+3', 'Ю  3'),
(702, 59, 176, 2, 'Ясно', '+9', '736', '72', '+8', 'Ю  3'),
(703, 59, 176, 3, 'Ясно', '+19', '734', '58', '+19', 'Ю  2'),
(704, 59, 176, 4, 'Ясно', '+13', '734', '87', '+13', 'Ю  3'),
(705, 59, 177, 1, 'Ясно', '+10', '734', '89', '+10', 'Ю  2'),
(706, 59, 177, 2, 'Малооблачно', '+13', '733', '81', '+13', 'Ю  3'),
(707, 59, 177, 3, 'Малооблачно, небольшой дождь, гроза', '+20', '732', '61', '+19', 'ЮЗ  2'),
(708, 59, 177, 4, 'Малооблачно, гроза', '+13', '733', '94', '+13', 'ЮВ  2'),
(709, 60, 178, 1, 'Ясно', '+2', '747', '64', '+2', 'СЗ  1'),
(710, 60, 178, 2, 'Ясно', '+4', '748', '65', '+3', 'З  3'),
(711, 60, 178, 3, 'Ясно', '+11', '746', '39', '+10', 'З  5'),
(712, 60, 178, 4, 'Малооблачно', '+4', '745', '70', '+4', 'З  2'),
(713, 60, 179, 1, 'Малооблачно', '+4', '744', '65', '+3', 'ЮЗ  2'),
(714, 60, 179, 2, 'Ясно', '+6', '743', '67', '+5', 'ЮЗ  2'),
(715, 60, 179, 3, 'Ясно', '+13', '741', '40', '+13', 'ЮЗ  2'),
(716, 60, 179, 4, 'Ясно', '+6', '741', '71', '+6', 'СВ  2'),
(717, 60, 180, 1, 'Ясно', '+3', '742', '84', '+1', 'В  3'),
(718, 60, 180, 2, 'Ясно', '+5', '743', '71', '+4', 'ЮВ  3'),
(719, 60, 180, 3, 'Ясно', '+14', '742', '48', '+14', 'ЮВ  4'),
(720, 60, 180, 4, 'Облачно', '+8', '741', '74', '+8', 'ЮВ  3'),
(721, 61, 181, 1, 'Ясно', '0', '749', '72', '-3', 'СЗ  5'),
(722, 61, 181, 2, 'Ясно', '+3', '750', '61', '+1', 'СЗ  4'),
(723, 61, 181, 3, 'Малооблачно', '+10', '749', '32', '+9', 'СЗ  7'),
(724, 61, 181, 4, 'Облачно', '+5', '748', '63', '+4', 'З  3'),
(725, 61, 182, 1, 'Облачно', '+3', '747', '70', '+2', 'З  4'),
(726, 61, 182, 2, 'Пасмурно', '+6', '746', '65', '+5', 'З  3'),
(727, 61, 182, 3, 'Ясно', '+12', '745', '43', '+12', 'СЗ  4'),
(728, 61, 182, 4, 'Ясно', '+5', '745', '76', '+4', 'СВ  2'),
(729, 61, 183, 1, 'Ясно', '0', '746', '88', '-1', 'В  2'),
(730, 61, 183, 2, 'Ясно', '+4', '747', '66', '+4', 'В  2'),
(731, 61, 183, 3, 'Ясно', '+12', '746', '39', '+12', 'ЮВ  2'),
(732, 61, 183, 4, 'Ясно', '+5', '746', '69', '+5', 'ЮВ  2'),
(733, 62, 184, 1, 'Ясно', '+2', '764', '69', '+2', 'З  1'),
(734, 62, 184, 2, 'Ясно', '+6', '767', '57', '+5', 'СЗ  4'),
(735, 62, 184, 3, 'Ясно', '+12', '766', '38', '+12', 'СЗ  4'),
(736, 62, 184, 4, 'Ясно', '+6', '766', '72', '+5', 'ЮЗ  2'),
(737, 62, 185, 1, 'Ясно', '+4', '765', '86', '+3', 'ЮЗ  2'),
(738, 62, 185, 2, 'Ясно', '+8', '764', '71', '+8', 'ЮЗ  2'),
(739, 62, 185, 3, 'Ясно', '+13', '763', '44', '+12', 'ЮЗ  5'),
(740, 62, 185, 4, 'Ясно', '+6', '762', '90', '+6', 'Ю  2'),
(741, 62, 186, 1, 'Ясно', '+6', '761', '91', '+5', 'Ю  2'),
(742, 62, 186, 2, 'Ясно', '+9', '761', '75', '+8', 'Ю  4'),
(743, 62, 186, 3, 'Ясно', '+13', '761', '47', '+13', 'Ю  5'),
(744, 62, 186, 4, 'Ясно', '+8', '761', '87', '+8', 'Ю  2'),
(745, 63, 187, 1, 'Ясно', '0', '755', '66', '0', 'З  1'),
(746, 63, 187, 2, 'Малооблачно', '+3', '754', '70', '+1', 'З  3'),
(747, 63, 187, 3, 'Облачно', '+10', '752', '42', '+9', 'З  4'),
(748, 63, 187, 4, 'Пасмурно', '+7', '752', '58', '+6', 'З  3'),
(749, 63, 188, 1, 'Пасмурно', '+4', '751', '70', '+3', 'З  3'),
(750, 63, 188, 2, 'Пасмурно', '+5', '750', '77', '+5', 'З  1'),
(751, 63, 188, 3, 'Малооблачно', '+12', '749', '48', '+12', 'С  1'),
(752, 63, 188, 4, 'Ясно', '+5', '750', '69', '+5', 'СВ  3'),
(753, 63, 189, 1, 'Ясно', '0', '751', '80', '0', 'В  2'),
(754, 63, 189, 2, 'Ясно', '+4', '751', '67', '+3', 'ЮВ  3'),
(755, 63, 189, 3, 'Ясно', '+12', '750', '47', '+12', 'ЮВ  2'),
(756, 63, 189, 4, 'Облачно', '+7', '749', '67', '+6', 'ЮВ  3'),
(757, 64, 190, 1, 'Ясно', '+6', '770', '50', '+4', 'З  4'),
(758, 64, 190, 2, 'Ясно', '+6', '765', '55', '+5', 'СЗ  3'),
(759, 64, 190, 3, 'Ясно', '+11', '764', '47', '+11', 'СЗ  1'),
(760, 64, 190, 4, 'Ясно', '+7', '763', '70', '+5', 'ЮЗ  4'),
(761, 64, 191, 1, 'Ясно', '+5', '762', '77', '+4', 'ЮЗ  4'),
(762, 64, 191, 2, 'Ясно', '+8', '761', '64', '+8', 'ЮЗ  2'),
(763, 64, 191, 3, 'Ясно', '+10', '760', '60', '+9', 'Ю  6'),
(764, 64, 191, 4, 'Ясно', '+7', '758', '84', '+5', 'Ю  5'),
(765, 64, 192, 1, 'Ясно', '+7', '758', '88', '+5', 'Ю  4'),
(766, 64, 192, 2, 'Малооблачно', '+9', '757', '79', '+7', 'Ю  5'),
(767, 64, 192, 3, 'Ясно', '+11', '757', '69', '+9', 'Ю  7'),
(768, 64, 192, 4, 'Ясно', '+7', '757', '90', '+6', 'Ю  4'),
(769, 65, 193, 1, 'Ясно', '0', '755', '66', '0', 'З  1'),
(770, 65, 193, 2, 'Малооблачно', '+3', '755', '69', '+1', 'З  3'),
(771, 65, 193, 3, 'Облачно', '+10', '753', '41', '+9', 'СЗ  4'),
(772, 65, 193, 4, 'Пасмурно', '+7', '752', '58', '+6', 'З  3'),
(773, 65, 194, 1, 'Пасмурно', '+4', '752', '69', '+3', 'З  3'),
(774, 65, 194, 2, 'Пасмурно', '+5', '750', '77', '+5', 'З  2'),
(775, 65, 194, 3, 'Малооблачно', '+12', '750', '48', '+12', 'С  2'),
(776, 65, 194, 4, 'Ясно', '+6', '751', '68', '+5', 'СВ  3'),
(777, 65, 195, 1, 'Ясно', '0', '752', '80', '-1', 'В  2'),
(778, 65, 195, 2, 'Ясно', '+4', '752', '67', '+3', 'ЮВ  2'),
(779, 65, 195, 3, 'Ясно', '+12', '751', '47', '+12', 'ЮВ  2'),
(780, 65, 195, 4, 'Малооблачно', '+7', '749', '69', '+6', 'ЮВ  3'),
(781, 66, 196, 1, 'Облачно', '+3', '749', '70', '0', 'З  6'),
(782, 66, 196, 2, 'Ясно', '+4', '751', '59', '+1', 'СЗ  6'),
(783, 66, 196, 3, 'Малооблачно', '+10', '750', '34', '+8', 'СЗ  7'),
(784, 66, 196, 4, 'Ясно', '+4', '750', '56', '+3', 'СЗ  3'),
(785, 66, 197, 1, 'Ясно', '+2', '750', '67', '0', 'З  4'),
(786, 66, 197, 2, 'Пасмурно', '+6', '750', '60', '+5', 'З  3'),
(787, 66, 197, 3, 'Облачно', '+13', '749', '35', '+12', 'З  5'),
(788, 66, 197, 4, 'Облачно', '+5', '747', '67', '+4', 'ЮЗ  3'),
(789, 66, 198, 1, 'Ясно', '+3', '747', '72', '+2', 'З  3'),
(790, 66, 198, 2, 'Ясно', '+6', '747', '75', '+6', '  Ш'),
(791, 66, 198, 3, 'Облачно', '+14', '747', '41', '+14', 'С  1'),
(792, 66, 198, 4, 'Ясно', '+6', '748', '73', '+6', 'СВ  2'),
(793, 67, 199, 1, '', '+7', '737', '64', '+7', 'В  2'),
(794, 67, 199, 2, 'Ясно', '+5', '740', '74', '+4', 'В  3'),
(795, 67, 199, 3, 'Ясно', '+16', '738', '53', '+16', 'В  2'),
(796, 67, 199, 4, 'Ясно', '+11', '737', '84', '+11', 'СВ  2'),
(797, 67, 200, 1, 'Ясно', '+7', '736', '95', '+7', 'ЮВ  2'),
(798, 67, 200, 2, 'Пасмурно', '+6', '734', '98', '+6', 'Ю  1'),
(799, 67, 200, 3, 'Ясно', '+18', '734', '68', '+18', 'З  1'),
(800, 67, 200, 4, 'Ясно', '+16', '734', '80', '+16', 'В  1'),
(801, 67, 201, 1, 'Ясно', '+12', '734', '85', '+12', 'ЮВ  1'),
(802, 67, 201, 2, 'Облачно', '+9', '734', '97', '+9', 'В  1'),
(803, 67, 201, 3, 'Ясно', '+21', '734', '59', '+20', 'Ю  1'),
(804, 67, 201, 4, 'Ясно', '+17', '733', '82', '+17', 'В  1'),
(805, 68, 202, 1, 'Малооблачно', '+9', '716', '64', '+9', 'В  2'),
(806, 68, 202, 2, 'Ясно', '+10', '718', '79', '+10', 'В  2'),
(807, 68, 202, 3, 'Ясно', '+18', '716', '62', '+18', 'В  2'),
(808, 68, 202, 4, 'Ясно', '+12', '716', '81', '+12', 'В  2'),
(809, 68, 203, 1, 'Ясно', '+9', '716', '90', '+9', 'В  1'),
(810, 68, 203, 2, 'Ясно', '+11', '715', '81', '+11', 'СВ  1'),
(811, 68, 203, 3, 'Ясно', '+21', '713', '54', '+20', 'С  1'),
(812, 68, 203, 4, 'Ясно', '+15', '713', '76', '+15', 'ЮВ  2'),
(813, 68, 204, 1, 'Ясно', '+12', '713', '74', '+12', 'ЮВ  1'),
(814, 68, 204, 2, 'Ясно', '+14', '713', '73', '+14', '  Ш'),
(815, 68, 204, 3, 'Малооблачно, небольшой дождь, гроза', '+22', '711', '46', '+21', 'СВ  1'),
(816, 68, 204, 4, 'Ясно', '+15', '711', '74', '+15', 'ЮВ  2'),
(817, 69, 205, 1, 'Пасмурно', '+3', '745', '81', '+1', 'З  5'),
(818, 69, 205, 2, 'Облачно', '+5', '755', '59', '+2', 'СЗ  8'),
(819, 69, 205, 3, 'Пасмурно', '+9', '755', '40', '+7', 'СЗ  8'),
(820, 69, 205, 4, 'Пасмурно', '+5', '757', '53', '+4', 'СЗ  3'),
(821, 69, 206, 1, 'Облачно', '+4', '757', '59', '+2', 'З  4'),
(822, 69, 206, 2, 'Облачно', '+7', '756', '57', '+5', 'З  5'),
(823, 69, 206, 3, 'Пасмурно, небольшой дождь', '+12', '755', '36', '+10', 'СЗ  8'),
(824, 69, 206, 4, 'Пасмурно', '+6', '755', '61', '+5', 'З  3'),
(825, 69, 207, 1, 'Ясно', '+2', '755', '84', '+1', 'З  2'),
(826, 69, 207, 2, 'Малооблачно, небольшой дождь', '+8', '755', '73', '+8', 'СЗ  2'),
(827, 69, 207, 3, 'Ясно', '+13', '755', '36', '+12', 'СЗ  4'),
(828, 69, 207, 4, 'Ясно', '+4', '756', '66', '+4', 'С  2'),
(829, 70, 208, 1, 'Ясно', '-2', '767', '82', '-2', '  Ш'),
(830, 70, 208, 2, 'Ясно', '+6', '767', '54', '+6', 'СЗ  2'),
(831, 70, 208, 3, 'Ясно', '+14', '766', '32', '+14', 'СЗ  2'),
(832, 70, 208, 4, 'Ясно', '+11', '765', '40', '+11', '  Ш'),
(833, 70, 209, 1, 'Ясно', '+3', '764', '78', '+2', 'Ю  3'),
(834, 70, 209, 2, 'Ясно', '+8', '763', '62', '+8', 'Ю  2'),
(835, 70, 209, 3, 'Ясно', '+17', '761', '45', '+17', 'Ю  4'),
(836, 70, 209, 4, 'Ясно', '+10', '759', '64', '+9', 'ЮВ  4'),
(837, 70, 210, 1, 'Ясно', '+6', '759', '80', '+6', 'ЮВ  2'),
(838, 70, 210, 2, 'Ясно', '+9', '758', '73', '+9', 'Ю  2'),
(839, 70, 210, 3, 'Ясно', '+19', '758', '56', '+19', 'ЮВ  3'),
(840, 70, 210, 4, 'Ясно', '+12', '758', '67', '+11', 'ЮВ  4'),
(841, 71, 211, 1, 'Ясно', '+3', '748', '71', '+1', 'З  5'),
(842, 71, 211, 2, 'Ясно', '+3', '752', '64', '0', 'СЗ  6'),
(843, 71, 211, 3, 'Облачно', '+8', '752', '40', '+5', 'СЗ  8'),
(844, 71, 211, 4, 'Ясно', '+3', '752', '54', '+2', 'З  3'),
(845, 71, 212, 1, 'Облачно', '+3', '752', '61', '+1', 'З  4'),
(846, 71, 212, 2, 'Малооблачно', '+5', '751', '62', '+4', 'З  4'),
(847, 71, 212, 3, 'Малооблачно', '+12', '750', '38', '+10', 'СЗ  6'),
(848, 71, 212, 4, 'Облачно', '+6', '749', '61', '+5', 'З  3'),
(849, 71, 213, 1, 'Малооблачно', '+3', '749', '72', '+2', 'З  2'),
(850, 71, 213, 2, 'Ясно', '+7', '750', '69', '+7', 'С  1'),
(851, 71, 213, 3, 'Ясно', '+12', '750', '40', '+12', 'СЗ  2'),
(852, 71, 213, 4, 'Ясно', '+3', '751', '70', '+2', 'СВ  3'),
(853, 72, 214, 1, 'Ясно', '+3', '764', '69', '+1', 'З  3'),
(854, 72, 214, 2, 'Ясно', '+7', '765', '59', '+5', 'СЗ  4'),
(855, 72, 214, 3, 'Ясно', '+12', '764', '37', '+12', 'СЗ  4'),
(856, 72, 214, 4, 'Ясно', '+6', '764', '71', '+6', 'З  3'),
(857, 72, 215, 1, 'Ясно', '+5', '763', '77', '+5', 'З  2'),
(858, 72, 215, 2, 'Ясно', '+9', '762', '67', '+9', 'З  2'),
(859, 72, 215, 3, 'Ясно', '+13', '761', '44', '+13', 'ЮЗ  4'),
(860, 72, 215, 4, 'Ясно', '+6', '760', '80', '+6', 'ЮЗ  2'),
(861, 72, 216, 1, 'Ясно', '+4', '759', '91', '+4', 'Ю  2'),
(862, 72, 216, 2, 'Ясно', '+9', '759', '74', '+8', 'Ю  3'),
(863, 72, 216, 3, 'Ясно', '+15', '758', '42', '+14', 'ЮЗ  4'),
(864, 72, 216, 4, 'Ясно', '+8', '759', '78', '+8', 'Ю  2'),
(865, 73, 217, 1, 'Ясно', '+3', '758', '63', '+1', 'З  4'),
(866, 73, 217, 2, 'Ясно', '+5', '758', '65', '+2', 'СЗ  5'),
(867, 73, 217, 3, 'Ясно', '+9', '758', '44', '+8', 'СЗ  5'),
(868, 73, 217, 4, 'Ясно', '+6', '756', '67', '+5', 'СЗ  3'),
(869, 73, 218, 1, 'Ясно', '+4', '756', '72', '+3', 'ЮЗ  3'),
(870, 73, 218, 2, 'Облачно', '+6', '755', '71', '+6', 'ЮЗ  2'),
(871, 73, 218, 3, 'Ясно', '+12', '753', '46', '+12', 'Ю  1'),
(872, 73, 218, 4, 'Ясно', '+7', '752', '70', '+7', 'ЮВ  3'),
(873, 73, 219, 1, 'Малооблачно', '+7', '752', '75', '+5', 'ЮЗ  4'),
(874, 73, 219, 2, 'Ясно', '+7', '752', '81', '+7', 'ЮЗ  1'),
(875, 73, 219, 3, 'Малооблачно', '+11', '752', '68', '+11', 'В  3'),
(876, 73, 219, 4, 'Ясно', '+9', '752', '77', '+9', 'В  3'),
(877, 74, 220, 1, 'Ясно', '+4', '701', '95', '+4', '  Ш'),
(878, 74, 220, 2, 'Малооблачно', '+6', '699', '85', '+6', '  Ш'),
(879, 74, 220, 3, 'Ясно', '+12', '696', '60', '+12', 'З  1'),
(880, 74, 220, 4, 'Малооблачно, небольшой дождь', '+8', '697', '80', '+8', 'ЮЗ  1'),
(881, 74, 221, 1, 'Пасмурно, небольшой дождь', '+7', '697', '83', '+7', 'Ю  1'),
(882, 74, 221, 2, 'Пасмурно, дождь', '+8', '700', '89', '+8', 'ЮВ  1'),
(883, 74, 221, 3, 'Малооблачно, небольшой дождь', '+11', '700', '60', '+11', 'В  1'),
(884, 74, 221, 4, 'Ясно', '+7', '700', '74', '+7', 'В  1'),
(885, 74, 222, 1, 'Ясно', '+3', '698', '83', '+3', '  Ш'),
(886, 74, 222, 2, 'Ясно', '+9', '698', '61', '+9', 'В  2'),
(887, 74, 222, 3, 'Ясно', '+17', '696', '41', '+17', 'СЗ  1'),
(888, 74, 222, 4, 'Ясно', '+10', '698', '67', '+10', '  Ш'),
(889, 75, 223, 1, 'Ясно', '-1', '754', '77', '-1', '  Ш'),
(890, 75, 223, 2, 'Пасмурно', '+4', '759', '69', '+3', 'ЮЗ  3'),
(891, 75, 223, 3, 'Облачно', '+12', '758', '41', '+12', 'ЮЗ  3'),
(892, 75, 223, 4, 'Пасмурно', '+7', '755', '66', '+6', 'Ю  3'),
(893, 75, 224, 1, 'Ясно', '+3', '755', '76', '+2', 'Ю  2'),
(894, 75, 224, 2, 'Ясно', '+5', '753', '72', '+5', 'Ю  2'),
(895, 75, 224, 3, 'Пасмурно', '+14', '752', '47', '+14', 'Ю  1'),
(896, 75, 224, 4, 'Ясно', '+7', '752', '80', '+6', 'В  2'),
(897, 75, 225, 1, 'Ясно', '+4', '752', '80', '+4', 'ЮВ  3'),
(898, 75, 225, 2, 'Ясно', '+7', '752', '72', '+6', 'ЮВ  3'),
(899, 75, 225, 3, 'Облачно', '+15', '752', '48', '+15', 'Ю  4'),
(900, 75, 225, 4, 'Ясно', '+10', '750', '70', '+10', 'ЮВ  3'),
(901, 76, 226, 1, 'Ясно', '-1', '753', '79', '-1', '  Ш'),
(902, 76, 226, 2, 'Пасмурно', '+3', '753', '66', '+2', 'З  4'),
(903, 76, 226, 3, 'Пасмурно', '+11', '752', '43', '+10', 'З  4'),
(904, 76, 226, 4, 'Пасмурно', '+5', '750', '67', '+5', 'ЮЗ  2'),
(905, 76, 227, 1, 'Пасмурно', '+4', '749', '75', '+3', 'ЮЗ  3'),
(906, 76, 227, 2, 'Малооблачно', '+5', '748', '76', '+5', 'З  1'),
(907, 76, 227, 3, 'Ясно', '+13', '748', '48', '+13', '  Ш'),
(908, 76, 227, 4, 'Ясно', '+6', '748', '70', '+6', 'В  2'),
(909, 76, 228, 1, 'Ясно', '+3', '749', '78', '+2', 'ЮВ  3'),
(910, 76, 228, 2, 'Ясно', '+4', '749', '76', '+3', 'ЮВ  3'),
(911, 76, 228, 3, 'Ясно', '+13', '747', '54', '+13', 'Ю  3'),
(912, 76, 228, 4, 'Ясно', '+9', '746', '73', '+8', 'ЮВ  3'),
(913, 77, 229, 1, 'Ясно', '-1', '753', '79', '-1', '  Ш'),
(914, 77, 229, 2, 'Пасмурно', '+3', '758', '66', '+2', 'З  4'),
(915, 77, 229, 3, 'Пасмурно', '+12', '756', '42', '+11', 'З  4'),
(916, 77, 229, 4, 'Облачно', '+6', '755', '63', '+5', 'ЮЗ  2'),
(917, 77, 230, 1, 'Пасмурно', '+4', '754', '73', '+4', 'ЮЗ  2'),
(918, 77, 230, 2, 'Малооблачно', '+6', '753', '73', '+6', 'ЮЗ  1'),
(919, 77, 230, 3, 'Ясно', '+13', '752', '46', '+13', 'СВ  1'),
(920, 77, 230, 4, 'Ясно', '+7', '752', '70', '+6', 'В  2'),
(921, 77, 231, 1, 'Ясно', '+3', '754', '75', '+2', 'ЮВ  3'),
(922, 77, 231, 2, 'Ясно', '+5', '753', '72', '+4', 'ЮВ  3'),
(923, 77, 231, 3, 'Малооблачно', '+13', '752', '55', '+13', 'ЮВ  3'),
(924, 77, 231, 4, 'Ясно', '+9', '751', '75', '+8', 'ЮВ  3'),
(925, 78, 232, 1, 'Малооблачно', '+7', '686', '64', '+7', '  Ш'),
(926, 78, 232, 2, 'Пасмурно, дождь', '+9', '676', '69', '+9', 'Ю  2'),
(927, 78, 232, 3, 'Пасмурно, дождь', '+8', '675', '74', '+8', 'З  1'),
(928, 78, 232, 4, 'Пасмурно, небольшой дождь', '+5', '677', '74', '+5', 'СВ  3'),
(929, 78, 233, 1, 'Ясно', '0', '678', '71', '0', 'В  1'),
(930, 78, 233, 2, 'Ясно', '+5', '679', '45', '+5', 'Ю  1'),
(931, 78, 233, 3, 'Ясно', '+10', '677', '35', '+10', 'С  1'),
(932, 78, 233, 4, 'Ясно', '+3', '677', '59', '+3', 'СВ  2'),
(933, 78, 234, 1, 'Ясно', '+2', '677', '61', '+2', 'В  2'),
(934, 78, 234, 2, 'Ясно', '+9', '676', '48', '+9', 'ЮЗ  1'),
(935, 78, 234, 3, 'Ясно', '+15', '674', '36', '+15', '  Ш'),
(936, 78, 234, 4, 'Ясно', '+6', '675', '64', '+6', 'СВ  2'),
(937, 79, 235, 1, 'Пасмурно', '+2', '714', '93', '0', 'З  4'),
(938, 79, 235, 2, 'Облачно, небольшой дождь', '+4', '717', '83', '+2', 'З  5'),
(939, 79, 235, 3, 'Пасмурно', '+8', '718', '67', '+7', 'ЮЗ  5'),
(940, 79, 235, 4, 'Облачно', '+6', '718', '89', '+6', 'Ю  2'),
(941, 79, 236, 1, 'Ясно', '+3', '718', '91', '+3', 'ЮЗ  2'),
(942, 79, 236, 2, 'Ясно', '+6', '719', '86', '+6', '  Ш'),
(943, 79, 236, 3, 'Облачно, небольшой дождь', '+13', '717', '49', '+13', 'Ю  2'),
(944, 79, 236, 4, 'Пасмурно, небольшой дождь', '+8', '717', '75', '+8', 'Ю  2'),
(945, 79, 237, 1, 'Пасмурно, небольшой дождь', '+4', '716', '94', '+4', 'Ю  2'),
(946, 79, 237, 2, 'Ясно', '+7', '716', '82', '+5', 'ЮВ  4'),
(947, 79, 237, 3, 'Пасмурно, небольшой дождь', '+13', '715', '50', '+12', 'Ю  6'),
(948, 79, 237, 4, 'Облачно, небольшой дождь', '+9', '713', '63', '+8', 'ЮВ  5'),
(949, 80, 238, 1, 'Ясно', '0', '761', '86', '0', '  Ш'),
(950, 80, 238, 2, 'Пасмурно', '+4', '764', '72', '+3', 'ЮЗ  2'),
(951, 80, 238, 3, 'Пасмурно', '+12', '763', '42', '+12', 'ЮЗ  3'),
(952, 80, 238, 4, 'Облачно', '+7', '761', '66', '+6', 'Ю  3'),
(953, 80, 239, 1, 'Ясно', '+4', '760', '78', '+3', 'Ю  2'),
(954, 80, 239, 2, 'Ясно', '+5', '758', '77', '+5', 'Ю  2'),
(955, 80, 239, 3, 'Облачно', '+14', '758', '51', '+14', 'ЮВ  1'),
(956, 80, 239, 4, 'Ясно', '+8', '758', '77', '+7', 'В  3'),
(957, 80, 240, 1, 'Малооблачно', '+5', '758', '82', '+5', 'ЮВ  2'),
(958, 80, 240, 2, 'Облачно', '+7', '758', '71', '+7', 'ЮВ  3'),
(959, 80, 240, 3, 'Облачно', '+15', '757', '55', '+15', 'ЮВ  3'),
(960, 80, 240, 4, 'Ясно', '+10', '755', '78', '+10', 'ЮВ  3'),
(961, 81, 241, 1, 'Ясно', '+12', '758', '88', '+12', 'С  2'),
(962, 81, 241, 2, 'Ясно', '+22', '759', '54', '+20', 'С  1'),
(963, 81, 241, 3, 'Ясно', '+24', '758', '50', '+23', 'Ю  2'),
(964, 81, 241, 4, 'Ясно', '+20', '758', '65', '+20', 'С  2'),
(965, 81, 242, 1, 'Ясно', '+18', '758', '60', '+18', 'СЗ  2'),
(966, 81, 242, 2, 'Ясно', '+21', '757', '55', '+20', 'СВ  1'),
(967, 81, 242, 3, 'Ясно', '+21', '757', '62', '+20', 'В  1'),
(968, 81, 242, 4, 'Ясно', '+19', '756', '81', '+19', 'С  1'),
(969, 81, 243, 1, 'Ясно', '+17', '755', '70', '+17', '  Ш'),
(970, 81, 243, 2, 'Ясно', '+20', '755', '61', '+19', 'СВ  1'),
(971, 81, 243, 3, 'Ясно', '+22', '755', '64', '+21', 'ЮВ  3'),
(972, 81, 243, 4, 'Ясно', '+20', '755', '77', '+20', 'СЗ  1'),
(973, 82, 244, 1, 'Пасмурно', '+5', '767', '74', '+4', 'В  2'),
(974, 82, 244, 2, 'Облачно', '+6', '766', '74', '+5', 'Ю  3'),
(975, 82, 244, 3, 'Малооблачно', '+10', '764', '50', '+9', 'Ю  5'),
(976, 82, 244, 4, 'Ясно', '+8', '762', '63', '+7', 'ЮВ  3'),
(977, 82, 245, 1, 'Ясно', '+6', '761', '76', '+5', 'ЮВ  3'),
(978, 82, 245, 2, 'Ясно', '+5', '761', '79', '+5', 'ЮВ  2'),
(979, 82, 245, 3, 'Ясно', '+13', '760', '59', '+13', 'ЮВ  1'),
(980, 82, 245, 4, 'Малооблачно', '+10', '759', '75', '+9', 'В  3'),
(981, 82, 246, 1, 'Облачно', '+8', '759', '73', '+7', 'ЮВ  4'),
(982, 82, 246, 2, 'Облачно', '+8', '758', '80', '+8', 'ЮВ  3'),
(983, 82, 246, 3, 'Ясно', '+15', '758', '62', '+15', 'ЮВ  4'),
(984, 82, 246, 4, 'Ясно', '+11', '756', '80', '+11', 'ЮВ  5'),
(985, 83, 247, 1, 'Пасмурно', '+2', '739', '90', '-2', 'З  6'),
(986, 83, 247, 2, 'Малооблачно', '+2', '740', '84', '0', 'ЮЗ  4'),
(987, 83, 247, 3, 'Пасмурно, небольшой дождь', '+6', '741', '76', '+4', 'ЮЗ  4'),
(988, 83, 247, 4, 'Ясно', '+3', '742', '91', '+2', 'Ю  3'),
(989, 83, 248, 1, 'Ясно', '+2', '743', '92', '0', 'ЮЗ  3'),
(990, 83, 248, 2, 'Ясно', '+5', '743', '84', '+5', 'Ю  2'),
(991, 83, 248, 3, 'Малооблачно', '+15', '743', '43', '+15', 'ЮЗ  2'),
(992, 83, 248, 4, 'Малооблачно', '+6', '743', '81', '+6', 'ЮВ  2'),
(993, 83, 249, 1, 'Пасмурно', '+3', '742', '89', '+2', 'ЮВ  3'),
(994, 83, 249, 2, 'Пасмурно', '+6', '741', '86', '+5', 'ЮВ  3'),
(995, 83, 249, 3, 'Малооблачно, небольшой дождь', '+13', '739', '57', '+12', 'ЮВ  5'),
(996, 83, 249, 4, 'Пасмурно, небольшой дождь', '+8', '736', '73', '+7', 'ЮВ  5'),
(997, 84, 250, 1, 'Пасмурно, туман', '+1', '746', '86', '+1', '  Ш'),
(998, 84, 250, 2, 'Облачно, небольшой дождь', '+2', '748', '93', '0', 'Ю  4'),
(999, 84, 250, 3, 'Ясно', '+6', '749', '79', '+5', 'ЮЗ  5'),
(1000, 84, 250, 4, 'Ясно', '+2', '750', '88', '+1', 'ЮЗ  3'),
(1001, 84, 251, 1, 'Ясно', '+1', '750', '88', '0', 'Ю  3'),
(1002, 84, 251, 2, 'Облачно', '+2', '750', '87', '+1', 'Ю  3'),
(1003, 84, 251, 3, 'Пасмурно, небольшой дождь', '+5', '751', '84', '+4', 'Ю  2'),
(1004, 84, 251, 4, 'Пасмурно, небольшой дождь', '+2', '750', '95', '+2', 'ЮВ  2'),
(1005, 84, 252, 1, 'Облачно, небольшой дождь', '+2', '748', '97', '+1', 'В  3'),
(1006, 84, 252, 2, 'Облачно, небольшой дождь', '+3', '746', '95', '+1', 'ЮВ  4'),
(1007, 84, 252, 3, 'Облачно', '+7', '744', '84', '+6', 'ЮВ  3'),
(1008, 84, 252, 4, 'Пасмурно, дождь', '+4', '740', '92', '+2', 'ЮВ  5'),
(1009, 85, 253, 1, 'Ясно', '+1', '762', '86', '+1', 'СЗ  2'),
(1010, 85, 253, 2, 'Пасмурно', '+3', '761', '83', '+3', 'З  2'),
(1011, 85, 253, 3, 'Пасмурно', '+6', '761', '71', '+6', 'ЮЗ  2'),
(1012, 85, 253, 4, 'Пасмурно, небольшой дождь', '+3', '761', '96', '+3', 'З  1'),
(1013, 85, 254, 1, 'Пасмурно', '+1', '761', '97', '+1', 'СВ  1'),
(1014, 85, 254, 2, 'Ясно', '+2', '761', '90', '+2', 'СВ  1'),
(1015, 85, 254, 3, 'Ясно', '+8', '761', '50', '+8', 'С  2'),
(1016, 85, 254, 4, 'Ясно', '+1', '761', '81', '0', 'СВ  2'),
(1017, 85, 255, 1, 'Ясно', '-2', '761', '86', '-3', 'ЮВ  2'),
(1018, 85, 255, 2, 'Ясно', '+3', '761', '67', '+2', 'Ю  2'),
(1019, 85, 255, 3, 'Пасмурно', '+10', '759', '45', '+10', 'Ю  2'),
(1020, 85, 255, 4, 'Пасмурно', '+6', '758', '69', '+6', 'ЮВ  2'),
(1021, 86, 256, 1, 'Пасмурно, дождь', '+6', '749', '83', '+6', 'Ю  1'),
(1022, 86, 256, 2, 'Облачно, небольшой дождь', '+5', '750', '83', '+4', 'З  4'),
(1023, 86, 256, 3, 'Пасмурно, небольшой дождь', '+10', '752', '52', '+9', 'З  4'),
(1024, 86, 256, 4, 'Малооблачно, небольшой дождь', '+4', '752', '79', '+4', 'ЮВ  1'),
(1025, 86, 257, 1, 'Пасмурно', '+4', '753', '77', '+4', 'Ю  2'),
(1026, 86, 257, 2, 'Облачно', '+6', '753', '82', '+6', 'ЮЗ  1'),
(1027, 86, 257, 3, 'Пасмурно', '+13', '753', '54', '+13', 'СЗ  2'),
(1028, 86, 257, 4, 'Малооблачно', '+7', '754', '81', '+7', 'В  1'),
(1029, 86, 258, 1, 'Ясно', '+3', '753', '94', '+2', 'ЮВ  2'),
(1030, 86, 258, 2, 'Ясно', '+8', '753', '79', '+7', 'ЮВ  3'),
(1031, 86, 258, 3, 'Пасмурно', '+16', '752', '45', '+16', 'ЮВ  3'),
(1032, 86, 258, 4, 'Малооблачно', '+10', '751', '62', '+9', 'В  4'),
(1033, 87, 259, 1, 'Пасмурно', '+10', '753', '97', '+10', 'Ю  3'),
(1034, 87, 259, 2, 'Ясно', '+15', '753', '82', '+15', 'ЮВ  3'),
(1035, 87, 259, 3, 'Малооблачно', '+19', '751', '52', '+19', 'ЮВ  4'),
(1036, 87, 259, 4, 'Пасмурно, небольшой дождь', '+13', '751', '85', '+13', 'ЮЗ  2'),
(1037, 87, 260, 1, 'Пасмурно, дождь', '+10', '751', '87', '+10', 'Ю  3'),
(1038, 87, 260, 2, 'Малооблачно', '+12', '752', '73', '+11', 'ЮЗ  6'),
(1039, 87, 260, 3, 'Пасмурно, небольшой дождь', '+15', '751', '50', '+15', 'Ю  3'),
(1040, 87, 260, 4, 'Малооблачно, небольшой дождь', '+9', '752', '91', '+9', 'ЮВ  2'),
(1041, 87, 261, 1, 'Пасмурно', '+8', '752', '95', '+8', 'ЮЗ  1'),
(1042, 87, 261, 2, 'Пасмурно, небольшой дождь', '+11', '754', '81', '+11', 'СЗ  2'),
(1043, 87, 261, 3, 'Малооблачно, небольшой дождь', '+15', '755', '55', '+15', 'З  4'),
(1044, 87, 261, 4, 'Ясно', '+8', '758', '85', '+8', 'З  2'),
(1045, 88, 262, 1, 'Пасмурно, дымка', '+1', '749', '92', '+1', '  1'),
(1046, 88, 262, 2, 'Пасмурно', '0', '748', '92', '-1', 'ЮЗ  2'),
(1047, 88, 262, 3, 'Пасмурно, небольшой дождь', '+4', '749', '76', '+3', 'ЮЗ  2'),
(1048, 88, 262, 4, 'Облачно', '+1', '749', '93', '0', 'Ю  2'),
(1049, 88, 263, 1, 'Малооблачно', '0', '750', '94', '-1', 'ЮЗ  2'),
(1050, 88, 263, 2, 'Ясно', '+1', '752', '89', '0', 'ЮЗ  2'),
(1051, 88, 263, 3, 'Ясно', '+11', '752', '55', '+11', 'Ю  2'),
(1052, 88, 263, 4, 'Ясно', '+4', '752', '87', '+3', 'В  2'),
(1053, 88, 264, 1, 'Облачно', '+2', '751', '87', '+1', 'ЮВ  3'),
(1054, 88, 264, 2, 'Пасмурно', '+4', '750', '75', '+3', 'ЮВ  4'),
(1055, 88, 264, 3, 'Пасмурно, небольшой дождь', '+12', '749', '49', '+11', 'В  5'),
(1056, 88, 264, 4, 'Пасмурно, небольшой дождь', '+5', '746', '83', '+3', 'В  5'),
(1057, 89, 265, 1, 'Ясно', '+3', '764', '67', '+2', 'Ю  2'),
(1058, 89, 265, 2, 'Пасмурно', '+4', '765', '65', '+3', 'ЮЗ  3'),
(1059, 89, 265, 3, 'Пасмурно', '+12', '764', '45', '+12', 'ЮЗ  3'),
(1060, 89, 265, 4, 'Облачно', '+6', '762', '68', '+6', 'ЮЗ  2'),
(1061, 89, 266, 1, 'Малооблачно', '+3', '761', '83', '+3', 'Ю  1'),
(1062, 89, 266, 2, 'Облачно', '+5', '761', '82', '+5', 'В  1'),
(1063, 89, 266, 3, 'Ясно', '+13', '761', '52', '+13', 'В  1'),
(1064, 89, 266, 4, 'Ясно', '+7', '761', '77', '+6', 'В  3'),
(1065, 89, 267, 1, 'Пасмурно', '+5', '761', '72', '+4', 'ЮВ  4'),
(1066, 89, 267, 2, 'Пасмурно', '+6', '760', '71', '+4', 'ЮВ  4'),
(1067, 89, 267, 3, 'Малооблачно', '+14', '759', '54', '+14', 'ЮВ  4'),
(1068, 89, 267, 4, 'Малооблачно, небольшой дождь', '+10', '758', '71', '+10', 'ЮВ  3'),
(1069, 90, 268, 1, 'Малооблачно', '+5', '746', '91', '+5', '  Ш'),
(1070, 90, 268, 2, 'Пасмурно, дождь', '+5', '746', '85', '+3', 'ЮЗ  5'),
(1071, 90, 268, 3, 'Облачно, небольшой дождь', '+9', '746', '45', '+8', 'З  5'),
(1072, 90, 268, 4, 'Ясно', '+2', '748', '73', '+2', 'СВ  1'),
(1073, 90, 269, 1, 'Ясно', '-2', '748', '88', '-2', 'Ю  2'),
(1074, 90, 269, 2, 'Пасмурно', '+4', '748', '69', '+4', 'Ю  2'),
(1075, 90, 269, 3, 'Пасмурно', '+9', '747', '56', '+9', 'СЗ  1'),
(1076, 90, 269, 4, 'Облачно', '+5', '749', '80', '+4', 'В  2'),
(1077, 90, 270, 1, 'Ясно', '0', '748', '91', '0', 'ЮВ  2'),
(1078, 90, 270, 2, 'Малооблачно', '+7', '748', '69', '+7', 'В  2'),
(1079, 90, 270, 3, 'Облачно', '+14', '746', '45', '+14', '  Ш'),
(1080, 90, 270, 4, 'Ясно', '+7', '747', '78', '+7', 'ЮВ  2'),
(1081, 91, 271, 1, 'Пасмурно, небольшой дождь', '+2', '761', '92', '+2', 'Ю  1'),
(1082, 91, 271, 2, 'Пасмурно, небольшой дождь', '+2', '762', '94', '+1', 'ЮЗ  3'),
(1083, 91, 271, 3, 'Пасмурно, небольшой дождь', '+5', '762', '94', '+5', 'ЮЗ  2'),
(1084, 91, 271, 4, 'Облачно', '+2', '762', '94', '+2', 'СЗ  2'),
(1085, 91, 272, 1, 'Пасмурно', '0', '762', '99', '-1', 'СВ  2'),
(1086, 91, 272, 2, 'Пасмурно', '+2', '762', '98', '+1', 'В  3'),
(1087, 91, 272, 3, 'Пасмурно', '+6', '763', '74', '+6', 'В  3'),
(1088, 91, 272, 4, 'Ясно', '+3', '762', '78', '+1', 'В  3'),
(1089, 91, 273, 1, 'Ясно', '+1', '762', '79', '-1', 'ЮВ  3'),
(1090, 91, 273, 2, 'Пасмурно', '+3', '761', '74', '+2', 'ЮВ  3'),
(1091, 91, 273, 3, 'Пасмурно, небольшой дождь', '+8', '759', '70', '+8', 'Ю  3'),
(1092, 91, 273, 4, 'Облачно, небольшой дождь', '+6', '758', '89', '+5', 'ЮВ  4'),
(1093, 92, 274, 1, 'Пасмурно', '+3', '759', '74', '+3', 'З  1'),
(1094, 92, 274, 2, 'Пасмурно, небольшой дождь', '+3', '758', '84', '+2', 'ЮЗ  2'),
(1095, 92, 274, 3, 'Пасмурно, небольшой дождь', '+7', '758', '67', '+6', 'З  3'),
(1096, 92, 274, 4, 'Малооблачно', '+4', '757', '81', '+4', 'З  1'),
(1097, 92, 275, 1, 'Облачно', '0', '756', '96', '0', 'С  1'),
(1098, 92, 275, 2, 'Пасмурно', '+2', '757', '96', '+1', 'В  2'),
(1099, 92, 275, 3, 'Облачно', '+9', '757', '54', '+9', 'В  2'),
(1100, 92, 275, 4, 'Ясно', '+2', '757', '78', '+1', 'В  2'),
(1101, 92, 276, 1, 'Ясно', '-1', '757', '86', '-2', 'ЮВ  2'),
(1102, 92, 276, 2, 'Ясно', '+3', '756', '72', '+2', 'ЮВ  3'),
(1103, 92, 276, 3, 'Пасмурно', '+12', '755', '49', '+12', 'Ю  3'),
(1104, 92, 276, 4, 'Пасмурно', '+8', '753', '67', '+8', 'ЮВ  3'),
(1105, 93, 277, 1, 'Ясно', '+7', '721', '85', '+7', 'С  1'),
(1106, 93, 277, 2, 'Облачно', '+8', '725', '76', '+8', 'ЮЗ  1'),
(1107, 93, 277, 3, 'Облачно, небольшой дождь', '+13', '725', '64', '+13', 'З  3'),
(1108, 93, 277, 4, 'Облачно, небольшой дождь', '+10', '727', '86', '+10', 'СВ  1'),
(1109, 93, 278, 1, 'Малооблачно, небольшой дождь', '+9', '728', '89', '+9', 'Ю  2'),
(1110, 93, 278, 2, 'Ясно', '+10', '729', '75', '+10', 'ЮВ  2'),
(1111, 93, 278, 3, 'Ясно', '+18', '727', '36', '+18', 'Ю  1'),
(1112, 93, 278, 4, 'Ясно', '+11', '726', '62', '+11', 'В  1'),
(1113, 93, 279, 1, 'Ясно', '+7', '725', '67', '+7', 'СВ  2'),
(1114, 93, 279, 2, 'Ясно', '+11', '725', '63', '+11', '  Ш'),
(1115, 93, 279, 3, 'Малооблачно, небольшой дождь', '+20', '725', '37', '+20', 'З  3'),
(1116, 93, 279, 4, 'Пасмурно, небольшой дождь', '+11', '727', '73', '+11', 'С  2'),
(1117, 94, 280, 1, 'Пасмурно', '+6', '747', '85', '+2', 'Ю  9'),
(1118, 94, 280, 2, 'Облачно, небольшой дождь', '+6', '749', '64', '+3', 'ЮЗ  9'),
(1119, 94, 280, 3, 'Малооблачно, небольшой дождь', '+8', '752', '46', '+6', 'ЮЗ  8'),
(1120, 94, 280, 4, 'Малооблачно, небольшой дождь', '+4', '752', '72', '+2', 'ЮЗ  5'),
(1121, 94, 281, 1, 'Пасмурно', '+2', '754', '94', '0', 'ЮЗ  4'),
(1122, 94, 281, 2, 'Пасмурно, небольшой дождь', '+5', '755', '80', '+2', 'ЮЗ  6'),
(1123, 94, 281, 3, 'Пасмурно, небольшой дождь', '+9', '755', '69', '+7', 'ЮЗ  5'),
(1124, 94, 281, 4, 'Малооблачно', '+2', '755', '93', '+2', 'ЮЗ  2'),
(1125, 94, 282, 1, 'Ясно', '-1', '754', '97', '-2', 'Ю  2'),
(1126, 94, 282, 2, 'Малооблачно, небольшой дождь', '+5', '754', '74', '+5', 'СЗ  2'),
(1127, 94, 282, 3, 'Малооблачно, небольшой дождь', '+9', '752', '43', '+9', 'З  2'),
(1128, 94, 282, 4, 'Малооблачно', '+3', '752', '76', '+2', 'СЗ  2'),
(1129, 95, 283, 1, 'Пасмурно', '+7', '739', '77', '+7', 'СВ  1'),
(1130, 95, 283, 2, 'Пасмурно, небольшой дождь', '+6', '738', '87', '+6', 'Ю  3'),
(1131, 95, 283, 3, 'Облачно, дождь', '+7', '739', '85', '+7', 'З  3'),
(1132, 95, 283, 4, 'Малооблачно, небольшой дождь', '+2', '740', '93', '+2', 'В  2'),
(1133, 95, 284, 1, 'Ясно', '+1', '740', '91', '+1', 'ЮВ  1'),
(1134, 95, 284, 2, 'Малооблачно', '+6', '740', '74', '+6', 'ЮВ  1'),
(1135, 95, 284, 3, 'Пасмурно', '+11', '739', '51', '+11', 'СЗ  2'),
(1136, 95, 284, 4, 'Пасмурно, небольшой дождь', '+6', '740', '77', '+6', 'ЮВ  1'),
(1137, 95, 285, 1, 'Облачно', '+3', '740', '89', '+3', 'ЮВ  2'),
(1138, 95, 285, 2, 'Пасмурно', '+8', '740', '68', '+8', 'ЮВ  2'),
(1139, 95, 285, 3, 'Малооблачно', '+14', '738', '46', '+14', '  Ш'),
(1140, 95, 285, 4, 'Ясно', '+5', '740', '81', '+4', 'ЮВ  3'),
(1141, 96, 286, 1, 'Ясно', '+20', '757', '35', '+20', 'СЗ  4'),
(1142, 96, 286, 2, 'Ясно', '+23', '758', '36', '+22', 'СЗ  7'),
(1143, 96, 286, 3, 'Ясно', '+26', '756', '46', '+24', 'С  5'),
(1144, 96, 286, 4, 'Ясно', '+24', '757', '44', '+23', 'СЗ  3'),
(1145, 96, 287, 1, 'Ясно', '+22', '757', '43', '+20', 'СЗ  4'),
(1146, 96, 287, 2, 'Ясно', '+23', '758', '36', '+22', 'СЗ  6'),
(1147, 96, 287, 3, 'Ясно', '+26', '756', '44', '+24', 'С  4'),
(1148, 96, 287, 4, 'Ясно', '+24', '756', '49', '+23', 'Ю  1'),
(1149, 96, 288, 1, 'Ясно', '+23', '755', '50', '+22', '  Ш'),
(1150, 96, 288, 2, 'Ясно', '+23', '756', '45', '+22', 'СЗ  1'),
(1151, 96, 288, 3, 'Ясно', '+25', '754', '60', '+24', 'В  6'),
(1152, 96, 288, 4, 'Ясно', '+23', '754', '84', '+22', 'ЮВ  5'),
(1153, 97, 289, 1, 'Ясно', '+21', '754', '23', '+19', 'С  4'),
(1154, 97, 289, 2, 'Ясно', '+25', '757', '37', '+24', '  Ш'),
(1155, 97, 289, 3, 'Ясно', '+28', '755', '38', '+27', 'Ю  4'),
(1156, 97, 289, 4, 'Ясно', '+26', '755', '38', '+25', 'СЗ  3'),
(1157, 97, 290, 1, 'Ясно', '+24', '755', '33', '+23', 'С  4'),
(1158, 97, 290, 2, 'Ясно', '+25', '757', '33', '+24', '  Ш'),
(1159, 97, 290, 3, 'Ясно', '+28', '755', '38', '+27', 'Ю  5'),
(1160, 97, 290, 4, 'Ясно', '+25', '755', '52', '+24', 'З  2'),
(1161, 97, 291, 1, 'Ясно', '+22', '755', '60', '+21', 'С  3'),
(1162, 97, 291, 2, 'Ясно', '+24', '755', '52', '+22', 'СВ  2'),
(1163, 97, 291, 3, 'Ясно', '+25', '754', '60', '+24', 'ЮВ  4'),
(1164, 97, 291, 4, 'Ясно', '+24', '754', '50', '+23', 'З  1');

-- 
-- Восстановить предыдущий режим SQL (SQL mode)
-- 
/*!40101 SET SQL_MODE=@OLD_SQL_MODE */;

-- 
-- Включение внешних ключей
-- 
/*!40014 SET FOREIGN_KEY_CHECKS=@OLD_FOREIGN_KEY_CHECKS */;